DROP TABLE grades;
DROP TABLE students;
DROP TABLE teachers;
DROP TABLE schedules;
DROP TABLE assignments;
DROP TABLE assignment_types;
DROP TABLE classes;
DROP TABLE rooms;
DROP TABLE courses;
DROP TABLE course_types;
DROP TABLE departments;

CREATE TABLE departments (
   id integer PRIMARY KEY,
   name varchar(255)
);

CREATE TABLE course_types (
   id integer PRIMARY KEY,
   name varchar(255)
);

CREATE TABLE courses (
    id integer PRIMARY KEY,
    type integer,
    name varchar(255),
    FOREIGN KEY (type) REFERENCES course_types(id)
);

CREATE TABLE rooms (
   id integer PRIMARY KEY,
   name varchar(255)
);

CREATE TABLE classes (
    id integer PRIMARY KEY,
    room_id integer,
    course_id integer,
    FOREIGN KEY (room_id) REFERENCES rooms(id),
    FOREIGN KEY (course_id) REFERENCES courses(id)
);

CREATE TABLE assignment_types (
   id integer PRIMARY KEY,
   name varchar(255)
);

CREATE TABLE assignments (
   id integer PRIMARY KEY,
   class_id integer,
   name varchar(255),
   type integer,
   FOREIGN KEY (class_id) REFERENCES classes(id),
   FOREIGN KEY (type) REFERENCES assignment_types(id)
);

CREATE TABLE schedules (
   id integer PRIMARY KEY,
   pd1 integer, pd2 integer, pd3 integer, pd4 integer, pd5 integer, pd6 integer, pd7 integer, pd8 integer, pd9 integer, pd10 integer,
   FOREIGN KEY (pd1) REFERENCES classes(id), FOREIGN KEY (pd2) REFERENCES classes(id), FOREIGN KEY (pd3) REFERENCES classes(id), FOREIGN KEY (pd4) REFERENCES classes(id), FOREIGN KEY (pd5) REFERENCES classes(id), FOREIGN KEY (pd6) REFERENCES classes(id), FOREIGN KEY (pd7) REFERENCES classes(id), FOREIGN KEY (pd8) REFERENCES classes(id), FOREIGN KEY (pd9) REFERENCES classes(id), FOREIGN KEY (pd10) REFERENCES classes(id)
);

CREATE TABLE teachers (
   id integer PRIMARY KEY,
   department_id integer,
   first_name varchar(255),
   last_name varchar(255),
   schedule_id integer,
   FOREIGN KEY (department_id) REFERENCES departments(id), FOREIGN KEY (schedule_id) REFERENCES schedules(id)
);

CREATE TABLE students (
   id integer PRIMARY KEY,
   first_name varchar(255),
   last_name varchar(255),
   schedule_id integer,
   FOREIGN KEY (schedule_id) REFERENCES schedules(id)
);

CREATE TABLE grades (
   assignment_id integer,
   student_id integer,
   grade integer,
   FOREIGN KEY (assignment_id) REFERENCES assignments(id),
   FOREIGN KEY (student_id) REFERENCES students(id)
);

INSERT INTO assignment_types (id,name) VALUES (1, 'Minor Assessment');
INSERT INTO assignment_types (id,name) VALUES (2, 'Major Assessment');

INSERT INTO course_types (id,name) VALUES (1, 'Elective');
INSERT INTO course_types (id,name) VALUES (2, 'Regents');
INSERT INTO course_types (id,name) VALUES (3, 'AP');

INSERT INTO courses (id, type, name) VALUES (1, 1, 'Anatomy');
INSERT INTO courses (id, type, name) VALUES (2, 3, 'Biology');
INSERT INTO courses (id, type, name) VALUES (3, 3, 'Environmental');
INSERT INTO courses (id, type, name) VALUES (4, 3, 'Psychology');
INSERT INTO courses (id, type, name) VALUES (5, 1, 'Bioorganic Chemistry');
INSERT INTO courses (id, type, name) VALUES (6, 1, 'Genetics');
INSERT INTO courses (id, type, name) VALUES (7, 1, 'Introduction to Neuroscience');
INSERT INTO courses (id, type, name) VALUES (8, 2, 'Living Environment');
INSERT INTO courses (id, type, name) VALUES (9, 2, 'Living Environment Lab');
INSERT INTO courses (id, type, name) VALUES (10, 1, 'Environmental Sustainability');
INSERT INTO courses (id, type, name) VALUES (11, 2, 'Chemistry');
INSERT INTO courses (id, type, name) VALUES (12, 2, 'Chemistry Lab');
INSERT INTO courses (id, type, name) VALUES (13, 3, 'Chemistry');
INSERT INTO courses (id, type, name) VALUES (14, 1, 'Chemical Engineering');
INSERT INTO courses (id, type, name) VALUES (15, 1, 'Organic Chemistry');
INSERT INTO courses (id, type, name) VALUES (16, 1, 'MICA');
INSERT INTO courses (id, type, name) VALUES (17, 1, 'Quantitative Analysis');
INSERT INTO courses (id, type, name) VALUES (18, 1, 'Forensics');
INSERT INTO courses (id, type, name) VALUES (19, 2, 'Physics');
INSERT INTO courses (id, type, name) VALUES (20, 2, 'Physics Lab');
INSERT INTO courses (id, type, name) VALUES (21, 3, 'Physics 1');
INSERT INTO courses (id, type, name) VALUES (22, 3, 'Physics 2');
INSERT INTO courses (id, type, name) VALUES (23, 3, 'Physics C (Mechanics)');
INSERT INTO courses (id, type, name) VALUES (24, 3, 'Physics C (E/M)');
INSERT INTO courses (id, type, name) VALUES (25, 1, 'Astronomy');
INSERT INTO courses (id, type, name) VALUES (26, 1, 'Modern Physics');
INSERT INTO courses (id, type, name) VALUES (27, 2, 'Common Core Algebra');
INSERT INTO courses (id, type, name) VALUES (28, 2, 'Common Core Geometry');
INSERT INTO courses (id, type, name) VALUES (29, 2, 'Common Core Algebra II');
INSERT INTO courses (id, type, name) VALUES (30, 1, 'Pre-Calculus');
INSERT INTO courses (id, type, name) VALUES (31, 1, 'Calculus');
INSERT INTO courses (id, type, name) VALUES (32, 3, 'Calculus AB');
INSERT INTO courses (id, type, name) VALUES (33, 3, 'Calculus BC');
INSERT INTO courses (id, type, name) VALUES (34, 3, 'Statistics');
INSERT INTO courses (id, type, name) VALUES (35, 1, 'Multivariable Calculus');
INSERT INTO courses (id, type, name) VALUES (36, 1, 'Math Research');
INSERT INTO courses (id, type, name) VALUES (37, 1, 'Linear Algebra');
INSERT INTO courses (id, type, name) VALUES (38, 3, 'Computer Science Principles');
INSERT INTO courses (id, type, name) VALUES (39, 3, 'Computer Science A');
INSERT INTO courses (id, type, name) VALUES (40, 1, 'Big Data: Warehousing & Analytics');
INSERT INTO courses (id, type, name) VALUES (41, 1, 'Cyber Security');
INSERT INTO courses (id, type, name) VALUES (42, 1, 'PLTW Digital Electronics');
INSERT INTO courses (id, type, name) VALUES (43, 1, 'Digital Systems Design');
INSERT INTO courses (id, type, name) VALUES (44, 1, 'Fundamentals of IT Infrastructure');
INSERT INTO courses (id, type, name) VALUES (45, 1, 'Green Building Construction');
INSERT INTO courses (id, type, name) VALUES (46, 1, 'PLTW EDD');
INSERT INTO courses (id, type, name) VALUES (47, 1, 'Physical Education');
INSERT INTO courses (id, type, name) VALUES (48, 1, 'Health Education');
INSERT INTO courses (id, type, name) VALUES (49, 1, '9th Grade English');
INSERT INTO courses (id, type, name) VALUES (50, 1, '10th Grade English');
INSERT INTO courses (id, type, name) VALUES (51, 3, 'Capstone Seminar');
INSERT INTO courses (id, type, name) VALUES (52, 2, '11th Grade English');
INSERT INTO courses (id, type, name) VALUES (53, 3, 'English Language & Composition');
INSERT INTO courses (id, type, name) VALUES (54, 3, 'Capstone Research');
INSERT INTO courses (id, type, name) VALUES (55, 3, 'English Literature & Composition');
INSERT INTO courses (id, type, name) VALUES (56, 1, 'Creative Writing');
INSERT INTO courses (id, type, name) VALUES (57, 1, 'Drama');
INSERT INTO courses (id, type, name) VALUES (58, 1, 'Film & Literature');
INSERT INTO courses (id, type, name) VALUES (59, 1, 'Journalism');
INSERT INTO courses (id, type, name) VALUES (60, 1, 'Life, Love & Death');
INSERT INTO courses (id, type, name) VALUES (61, 1, 'Mystery, Horror & the Supernatural');
INSERT INTO courses (id, type, name) VALUES (62, 1, 'Science Fiction & Fantasy');
INSERT INTO courses (id, type, name) VALUES (63, 1, 'Yearbook');
INSERT INTO courses (id, type, name) VALUES (64, 1, 'The Survey');
INSERT INTO courses (id, type, name) VALUES (65, 1, '9th Grade Global');
INSERT INTO courses (id, type, name) VALUES (66, 2, 'Global History');
INSERT INTO courses (id, type, name) VALUES (67, 3, 'World History');
INSERT INTO courses (id, type, name) VALUES (68, 3, 'European History');
INSERT INTO courses (id, type, name) VALUES (69, 2, 'American History');
INSERT INTO courses (id, type, name) VALUES (70, 3, 'American History');
INSERT INTO courses (id, type, name) VALUES (71, 1, 'Participation in Government');
INSERT INTO courses (id, type, name) VALUES (72, 3, 'US Government');
INSERT INTO courses (id, type, name) VALUES (73, 1, 'Economics');
INSERT INTO courses (id, type, name) VALUES (74, 3, 'Macroeconomics');
INSERT INTO courses (id, type, name) VALUES (75, 3, 'Microeconomics');
INSERT INTO courses (id, type, name) VALUES (76, 3, 'Comparative Government');
INSERT INTO courses (id, type, name) VALUES (77, 3, 'Psychology');
INSERT INTO courses (id, type, name) VALUES (78, 3, 'Human Geography');
INSERT INTO courses (id, type, name) VALUES (79, 1, 'Sociology');
INSERT INTO courses (id, type, name) VALUES (80, 1, 'Cultural Anthropology');
INSERT INTO courses (id, type, name) VALUES (81, 1, 'Physical Anthropology');
INSERT INTO courses (id, type, name) VALUES (82, 2, 'Chinese');
INSERT INTO courses (id, type, name) VALUES (83, 3, 'Chinese Language and Culture');
INSERT INTO courses (id, type, name) VALUES (84, 2, 'French');
INSERT INTO courses (id, type, name) VALUES (85, 3, 'French Language and Culture');
INSERT INTO courses (id, type, name) VALUES (86, 2, 'German');
INSERT INTO courses (id, type, name) VALUES (87, 3, 'German Language and Culture');
INSERT INTO courses (id, type, name) VALUES (88, 2, 'Italian');
INSERT INTO courses (id, type, name) VALUES (89, 3, 'Italian Language and Culture');
INSERT INTO courses (id, type, name) VALUES (90, 2, 'Spanish');
INSERT INTO courses (id, type, name) VALUES (91, 1, 'Spanish IV');
INSERT INTO courses (id, type, name) VALUES (92, 3, 'Spanish Language and Culture');
INSERT INTO courses (id, type, name) VALUES (93, 3, 'Spanish Literature and Culture');
INSERT INTO courses (id, type, name) VALUES (94, 1, 'Adobe Digital Video');
INSERT INTO courses (id, type, name) VALUES (95, 1, 'Adobe Visual Design');
INSERT INTO courses (id, type, name) VALUES (96, 1, 'Architectural Drawing w/CAD');
INSERT INTO courses (id, type, name) VALUES (97, 1, 'Digital Animation');
INSERT INTO courses (id, type, name) VALUES (98, 1, 'PLTW CEA');
INSERT INTO courses (id, type, name) VALUES (99, 1, 'PLTW DDP (9th Grade)');

INSERT INTO departments (id,name) VALUES (1, 'Biology');
INSERT INTO departments (id,name) VALUES (2, 'Chemistry');
INSERT INTO departments (id,name) VALUES (3, 'CTE, Computer Science & Engineering');
INSERT INTO departments (id,name) VALUES (4, 'English');
INSERT INTO departments (id,name) VALUES (5, 'Health & PE');
INSERT INTO departments (id,name) VALUES (6, 'Mathematics');
INSERT INTO departments (id,name) VALUES (7, 'Physics');
INSERT INTO departments (id,name) VALUES (8, 'Social Studies');
INSERT INTO departments (id,name) VALUES (9, 'Special Education');
INSERT INTO departments (id,name) VALUES (10, 'Visual & Performing Arts');
INSERT INTO departments (id,name) VALUES (11, 'World Languages & ENL');

INSERT INTO rooms (id,name) VALUES (1,'BN1');
INSERT INTO rooms (id,name) VALUES (2,'BW1');
INSERT INTO rooms (id,name) VALUES (3,'BE1');
INSERT INTO rooms (id,name) VALUES (4,'BS1');
INSERT INTO rooms (id,name) VALUES (5,'BN2');
INSERT INTO rooms (id,name) VALUES (6,'BW2');
INSERT INTO rooms (id,name) VALUES (7,'BE2');
INSERT INTO rooms (id,name) VALUES (8,'BS2');
INSERT INTO rooms (id,name) VALUES (9,'BN3');
INSERT INTO rooms (id,name) VALUES (10,'BW3');
INSERT INTO rooms (id,name) VALUES (11,'BE3');
INSERT INTO rooms (id,name) VALUES (12,'BS3');
INSERT INTO rooms (id,name) VALUES (13,'BN4');
INSERT INTO rooms (id,name) VALUES (14,'BW4');
INSERT INTO rooms (id,name) VALUES (15,'BE4');
INSERT INTO rooms (id,name) VALUES (16,'BS4');
INSERT INTO rooms (id,name) VALUES (17,'BN5');
INSERT INTO rooms (id,name) VALUES (18,'BW5');
INSERT INTO rooms (id,name) VALUES (19,'BE5');
INSERT INTO rooms (id,name) VALUES (20,'BS5');
INSERT INTO rooms (id,name) VALUES (21,'BN6');
INSERT INTO rooms (id,name) VALUES (22,'BW6');
INSERT INTO rooms (id,name) VALUES (23,'BE6');
INSERT INTO rooms (id,name) VALUES (24,'BS6');
INSERT INTO rooms (id,name) VALUES (25,'BN7');
INSERT INTO rooms (id,name) VALUES (26,'BW7');
INSERT INTO rooms (id,name) VALUES (27,'BE7');
INSERT INTO rooms (id,name) VALUES (28,'BS7');
INSERT INTO rooms (id,name) VALUES (29,'BN8');
INSERT INTO rooms (id,name) VALUES (30,'BW8');
INSERT INTO rooms (id,name) VALUES (31,'BE8');
INSERT INTO rooms (id,name) VALUES (32,'BS8');
INSERT INTO rooms (id,name) VALUES (33,'BN9');
INSERT INTO rooms (id,name) VALUES (34,'BW9');
INSERT INTO rooms (id,name) VALUES (35,'BE9');
INSERT INTO rooms (id,name) VALUES (36,'BS9');
INSERT INTO rooms (id,name) VALUES (37,'BN10');
INSERT INTO rooms (id,name) VALUES (38,'BW10');
INSERT INTO rooms (id,name) VALUES (39,'BE10');
INSERT INTO rooms (id,name) VALUES (40,'BS10');
INSERT INTO rooms (id,name) VALUES (41,'BN11');
INSERT INTO rooms (id,name) VALUES (42,'BW11');
INSERT INTO rooms (id,name) VALUES (43,'BE11');
INSERT INTO rooms (id,name) VALUES (44,'BS11');
INSERT INTO rooms (id,name) VALUES (45,'BN12');
INSERT INTO rooms (id,name) VALUES (46,'BW12');
INSERT INTO rooms (id,name) VALUES (47,'BE12');
INSERT INTO rooms (id,name) VALUES (48,'BS12');
INSERT INTO rooms (id,name) VALUES (49,'BN13');
INSERT INTO rooms (id,name) VALUES (50,'BW13');
INSERT INTO rooms (id,name) VALUES (51,'BE13');
INSERT INTO rooms (id,name) VALUES (52,'BS13');
INSERT INTO rooms (id,name) VALUES (53,'BN14');
INSERT INTO rooms (id,name) VALUES (54,'BW14');
INSERT INTO rooms (id,name) VALUES (55,'BE14');
INSERT INTO rooms (id,name) VALUES (56,'BS14');
INSERT INTO rooms (id,name) VALUES (57,'BN15');
INSERT INTO rooms (id,name) VALUES (58,'BW15');
INSERT INTO rooms (id,name) VALUES (59,'BE15');
INSERT INTO rooms (id,name) VALUES (60,'BS15');
INSERT INTO rooms (id,name) VALUES (61,'BN16');
INSERT INTO rooms (id,name) VALUES (62,'BW16');
INSERT INTO rooms (id,name) VALUES (63,'BE16');
INSERT INTO rooms (id,name) VALUES (64,'BS16');
INSERT INTO rooms (id,name) VALUES (65,'BN17');
INSERT INTO rooms (id,name) VALUES (66,'BW17');
INSERT INTO rooms (id,name) VALUES (67,'BE17');
INSERT INTO rooms (id,name) VALUES (68,'BS17');
INSERT INTO rooms (id,name) VALUES (69,'BN18');
INSERT INTO rooms (id,name) VALUES (70,'BW18');
INSERT INTO rooms (id,name) VALUES (71,'BE18');
INSERT INTO rooms (id,name) VALUES (72,'BS18');
INSERT INTO rooms (id,name) VALUES (73,'BN19');
INSERT INTO rooms (id,name) VALUES (74,'BW19');
INSERT INTO rooms (id,name) VALUES (75,'BE19');
INSERT INTO rooms (id,name) VALUES (76,'BS19');
INSERT INTO rooms (id,name) VALUES (77,'BN20');
INSERT INTO rooms (id,name) VALUES (78,'BW20');
INSERT INTO rooms (id,name) VALUES (79,'BE20');
INSERT INTO rooms (id,name) VALUES (80,'BS20');
INSERT INTO rooms (id,name) VALUES (81,'1N1');
INSERT INTO rooms (id,name) VALUES (82,'1W1');
INSERT INTO rooms (id,name) VALUES (83,'1E1');
INSERT INTO rooms (id,name) VALUES (84,'1S1');
INSERT INTO rooms (id,name) VALUES (85,'1N2');
INSERT INTO rooms (id,name) VALUES (86,'1W2');
INSERT INTO rooms (id,name) VALUES (87,'1E2');
INSERT INTO rooms (id,name) VALUES (88,'1S2');
INSERT INTO rooms (id,name) VALUES (89,'1N3');
INSERT INTO rooms (id,name) VALUES (90,'1W3');
INSERT INTO rooms (id,name) VALUES (91,'1E3');
INSERT INTO rooms (id,name) VALUES (92,'1S3');
INSERT INTO rooms (id,name) VALUES (93,'1N4');
INSERT INTO rooms (id,name) VALUES (94,'1W4');
INSERT INTO rooms (id,name) VALUES (95,'1E4');
INSERT INTO rooms (id,name) VALUES (96,'1S4');
INSERT INTO rooms (id,name) VALUES (97,'1N5');
INSERT INTO rooms (id,name) VALUES (98,'1W5');
INSERT INTO rooms (id,name) VALUES (99,'1E5');
INSERT INTO rooms (id,name) VALUES (100,'1S5');
INSERT INTO rooms (id,name) VALUES (101,'1N6');
INSERT INTO rooms (id,name) VALUES (102,'1W6');
INSERT INTO rooms (id,name) VALUES (103,'1E6');
INSERT INTO rooms (id,name) VALUES (104,'1S6');
INSERT INTO rooms (id,name) VALUES (105,'1N7');
INSERT INTO rooms (id,name) VALUES (106,'1W7');
INSERT INTO rooms (id,name) VALUES (107,'1E7');
INSERT INTO rooms (id,name) VALUES (108,'1S7');
INSERT INTO rooms (id,name) VALUES (109,'1N8');
INSERT INTO rooms (id,name) VALUES (110,'1W8');
INSERT INTO rooms (id,name) VALUES (111,'1E8');
INSERT INTO rooms (id,name) VALUES (112,'1S8');
INSERT INTO rooms (id,name) VALUES (113,'1N9');
INSERT INTO rooms (id,name) VALUES (114,'1W9');
INSERT INTO rooms (id,name) VALUES (115,'1E9');
INSERT INTO rooms (id,name) VALUES (116,'1S9');
INSERT INTO rooms (id,name) VALUES (117,'1N10');
INSERT INTO rooms (id,name) VALUES (118,'1W10');
INSERT INTO rooms (id,name) VALUES (119,'1E10');
INSERT INTO rooms (id,name) VALUES (120,'1S10');
INSERT INTO rooms (id,name) VALUES (121,'1N11');
INSERT INTO rooms (id,name) VALUES (122,'1W11');
INSERT INTO rooms (id,name) VALUES (123,'1E11');
INSERT INTO rooms (id,name) VALUES (124,'1S11');
INSERT INTO rooms (id,name) VALUES (125,'1N12');
INSERT INTO rooms (id,name) VALUES (126,'1W12');
INSERT INTO rooms (id,name) VALUES (127,'1E12');
INSERT INTO rooms (id,name) VALUES (128,'1S12');
INSERT INTO rooms (id,name) VALUES (129,'1N13');
INSERT INTO rooms (id,name) VALUES (130,'1W13');
INSERT INTO rooms (id,name) VALUES (131,'1E13');
INSERT INTO rooms (id,name) VALUES (132,'1S13');
INSERT INTO rooms (id,name) VALUES (133,'1N14');
INSERT INTO rooms (id,name) VALUES (134,'1W14');
INSERT INTO rooms (id,name) VALUES (135,'1E14');
INSERT INTO rooms (id,name) VALUES (136,'1S14');
INSERT INTO rooms (id,name) VALUES (137,'1N15');
INSERT INTO rooms (id,name) VALUES (138,'1W15');
INSERT INTO rooms (id,name) VALUES (139,'1E15');
INSERT INTO rooms (id,name) VALUES (140,'1S15');
INSERT INTO rooms (id,name) VALUES (141,'1N16');
INSERT INTO rooms (id,name) VALUES (142,'1W16');
INSERT INTO rooms (id,name) VALUES (143,'1E16');
INSERT INTO rooms (id,name) VALUES (144,'1S16');
INSERT INTO rooms (id,name) VALUES (145,'1N17');
INSERT INTO rooms (id,name) VALUES (146,'1W17');
INSERT INTO rooms (id,name) VALUES (147,'1E17');
INSERT INTO rooms (id,name) VALUES (148,'1S17');
INSERT INTO rooms (id,name) VALUES (149,'1N18');
INSERT INTO rooms (id,name) VALUES (150,'1W18');
INSERT INTO rooms (id,name) VALUES (151,'1E18');
INSERT INTO rooms (id,name) VALUES (152,'1S18');
INSERT INTO rooms (id,name) VALUES (153,'1N19');
INSERT INTO rooms (id,name) VALUES (154,'1W19');
INSERT INTO rooms (id,name) VALUES (155,'1E19');
INSERT INTO rooms (id,name) VALUES (156,'1S19');
INSERT INTO rooms (id,name) VALUES (157,'1N20');
INSERT INTO rooms (id,name) VALUES (158,'1W20');
INSERT INTO rooms (id,name) VALUES (159,'1E20');
INSERT INTO rooms (id,name) VALUES (160,'1S20');
INSERT INTO rooms (id,name) VALUES (161,'2N1');
INSERT INTO rooms (id,name) VALUES (162,'2W1');
INSERT INTO rooms (id,name) VALUES (163,'2E1');
INSERT INTO rooms (id,name) VALUES (164,'2S1');
INSERT INTO rooms (id,name) VALUES (165,'2N2');
INSERT INTO rooms (id,name) VALUES (166,'2W2');
INSERT INTO rooms (id,name) VALUES (167,'2E2');
INSERT INTO rooms (id,name) VALUES (168,'2S2');
INSERT INTO rooms (id,name) VALUES (169,'2N3');
INSERT INTO rooms (id,name) VALUES (170,'2W3');
INSERT INTO rooms (id,name) VALUES (171,'2E3');
INSERT INTO rooms (id,name) VALUES (172,'2S3');
INSERT INTO rooms (id,name) VALUES (173,'2N4');
INSERT INTO rooms (id,name) VALUES (174,'2W4');
INSERT INTO rooms (id,name) VALUES (175,'2E4');
INSERT INTO rooms (id,name) VALUES (176,'2S4');
INSERT INTO rooms (id,name) VALUES (177,'2N5');
INSERT INTO rooms (id,name) VALUES (178,'2W5');
INSERT INTO rooms (id,name) VALUES (179,'2E5');
INSERT INTO rooms (id,name) VALUES (180,'2S5');
INSERT INTO rooms (id,name) VALUES (181,'2N6');
INSERT INTO rooms (id,name) VALUES (182,'2W6');
INSERT INTO rooms (id,name) VALUES (183,'2E6');
INSERT INTO rooms (id,name) VALUES (184,'2S6');
INSERT INTO rooms (id,name) VALUES (185,'2N7');
INSERT INTO rooms (id,name) VALUES (186,'2W7');
INSERT INTO rooms (id,name) VALUES (187,'2E7');
INSERT INTO rooms (id,name) VALUES (188,'2S7');
INSERT INTO rooms (id,name) VALUES (189,'2N8');
INSERT INTO rooms (id,name) VALUES (190,'2W8');
INSERT INTO rooms (id,name) VALUES (191,'2E8');
INSERT INTO rooms (id,name) VALUES (192,'2S8');
INSERT INTO rooms (id,name) VALUES (193,'2N9');
INSERT INTO rooms (id,name) VALUES (194,'2W9');
INSERT INTO rooms (id,name) VALUES (195,'2E9');
INSERT INTO rooms (id,name) VALUES (196,'2S9');
INSERT INTO rooms (id,name) VALUES (197,'2N10');
INSERT INTO rooms (id,name) VALUES (198,'2W10');
INSERT INTO rooms (id,name) VALUES (199,'2E10');
INSERT INTO rooms (id,name) VALUES (200,'2S10');
INSERT INTO rooms (id,name) VALUES (201,'2N11');
INSERT INTO rooms (id,name) VALUES (202,'2W11');
INSERT INTO rooms (id,name) VALUES (203,'2E11');
INSERT INTO rooms (id,name) VALUES (204,'2S11');
INSERT INTO rooms (id,name) VALUES (205,'2N12');
INSERT INTO rooms (id,name) VALUES (206,'2W12');
INSERT INTO rooms (id,name) VALUES (207,'2E12');
INSERT INTO rooms (id,name) VALUES (208,'2S12');
INSERT INTO rooms (id,name) VALUES (209,'2N13');
INSERT INTO rooms (id,name) VALUES (210,'2W13');
INSERT INTO rooms (id,name) VALUES (211,'2E13');
INSERT INTO rooms (id,name) VALUES (212,'2S13');
INSERT INTO rooms (id,name) VALUES (213,'2N14');
INSERT INTO rooms (id,name) VALUES (214,'2W14');
INSERT INTO rooms (id,name) VALUES (215,'2E14');
INSERT INTO rooms (id,name) VALUES (216,'2S14');
INSERT INTO rooms (id,name) VALUES (217,'2N15');
INSERT INTO rooms (id,name) VALUES (218,'2W15');
INSERT INTO rooms (id,name) VALUES (219,'2E15');
INSERT INTO rooms (id,name) VALUES (220,'2S15');
INSERT INTO rooms (id,name) VALUES (221,'2N16');
INSERT INTO rooms (id,name) VALUES (222,'2W16');
INSERT INTO rooms (id,name) VALUES (223,'2E16');
INSERT INTO rooms (id,name) VALUES (224,'2S16');
INSERT INTO rooms (id,name) VALUES (225,'2N17');
INSERT INTO rooms (id,name) VALUES (226,'2W17');
INSERT INTO rooms (id,name) VALUES (227,'2E17');
INSERT INTO rooms (id,name) VALUES (228,'2S17');
INSERT INTO rooms (id,name) VALUES (229,'2N18');
INSERT INTO rooms (id,name) VALUES (230,'2W18');
INSERT INTO rooms (id,name) VALUES (231,'2E18');
INSERT INTO rooms (id,name) VALUES (232,'2S18');
INSERT INTO rooms (id,name) VALUES (233,'2N19');
INSERT INTO rooms (id,name) VALUES (234,'2W19');
INSERT INTO rooms (id,name) VALUES (235,'2E19');
INSERT INTO rooms (id,name) VALUES (236,'2S19');
INSERT INTO rooms (id,name) VALUES (237,'2N20');
INSERT INTO rooms (id,name) VALUES (238,'2W20');
INSERT INTO rooms (id,name) VALUES (239,'2E20');
INSERT INTO rooms (id,name) VALUES (240,'2S20');
INSERT INTO rooms (id,name) VALUES (241,'3N1');
INSERT INTO rooms (id,name) VALUES (242,'3W1');
INSERT INTO rooms (id,name) VALUES (243,'3E1');
INSERT INTO rooms (id,name) VALUES (244,'3S1');
INSERT INTO rooms (id,name) VALUES (245,'3N2');
INSERT INTO rooms (id,name) VALUES (246,'3W2');
INSERT INTO rooms (id,name) VALUES (247,'3E2');
INSERT INTO rooms (id,name) VALUES (248,'3S2');
INSERT INTO rooms (id,name) VALUES (249,'3N3');
INSERT INTO rooms (id,name) VALUES (250,'3W3');
INSERT INTO rooms (id,name) VALUES (251,'3E3');
INSERT INTO rooms (id,name) VALUES (252,'3S3');
INSERT INTO rooms (id,name) VALUES (253,'3N4');
INSERT INTO rooms (id,name) VALUES (254,'3W4');
INSERT INTO rooms (id,name) VALUES (255,'3E4');
INSERT INTO rooms (id,name) VALUES (256,'3S4');
INSERT INTO rooms (id,name) VALUES (257,'3N5');
INSERT INTO rooms (id,name) VALUES (258,'3W5');
INSERT INTO rooms (id,name) VALUES (259,'3E5');
INSERT INTO rooms (id,name) VALUES (260,'3S5');
INSERT INTO rooms (id,name) VALUES (261,'3N6');
INSERT INTO rooms (id,name) VALUES (262,'3W6');
INSERT INTO rooms (id,name) VALUES (263,'3E6');
INSERT INTO rooms (id,name) VALUES (264,'3S6');
INSERT INTO rooms (id,name) VALUES (265,'3N7');
INSERT INTO rooms (id,name) VALUES (266,'3W7');
INSERT INTO rooms (id,name) VALUES (267,'3E7');
INSERT INTO rooms (id,name) VALUES (268,'3S7');
INSERT INTO rooms (id,name) VALUES (269,'3N8');
INSERT INTO rooms (id,name) VALUES (270,'3W8');
INSERT INTO rooms (id,name) VALUES (271,'3E8');
INSERT INTO rooms (id,name) VALUES (272,'3S8');
INSERT INTO rooms (id,name) VALUES (273,'3N9');
INSERT INTO rooms (id,name) VALUES (274,'3W9');
INSERT INTO rooms (id,name) VALUES (275,'3E9');
INSERT INTO rooms (id,name) VALUES (276,'3S9');
INSERT INTO rooms (id,name) VALUES (277,'3N10');
INSERT INTO rooms (id,name) VALUES (278,'3W10');
INSERT INTO rooms (id,name) VALUES (279,'3E10');
INSERT INTO rooms (id,name) VALUES (280,'3S10');
INSERT INTO rooms (id,name) VALUES (281,'3N11');
INSERT INTO rooms (id,name) VALUES (282,'3W11');
INSERT INTO rooms (id,name) VALUES (283,'3E11');
INSERT INTO rooms (id,name) VALUES (284,'3S11');
INSERT INTO rooms (id,name) VALUES (285,'3N12');
INSERT INTO rooms (id,name) VALUES (286,'3W12');
INSERT INTO rooms (id,name) VALUES (287,'3E12');
INSERT INTO rooms (id,name) VALUES (288,'3S12');
INSERT INTO rooms (id,name) VALUES (289,'3N13');
INSERT INTO rooms (id,name) VALUES (290,'3W13');
INSERT INTO rooms (id,name) VALUES (291,'3E13');
INSERT INTO rooms (id,name) VALUES (292,'3S13');
INSERT INTO rooms (id,name) VALUES (293,'3N14');
INSERT INTO rooms (id,name) VALUES (294,'3W14');
INSERT INTO rooms (id,name) VALUES (295,'3E14');
INSERT INTO rooms (id,name) VALUES (296,'3S14');
INSERT INTO rooms (id,name) VALUES (297,'3N15');
INSERT INTO rooms (id,name) VALUES (298,'3W15');
INSERT INTO rooms (id,name) VALUES (299,'3E15');
INSERT INTO rooms (id,name) VALUES (300,'3S15');
INSERT INTO rooms (id,name) VALUES (301,'3N16');
INSERT INTO rooms (id,name) VALUES (302,'3W16');
INSERT INTO rooms (id,name) VALUES (303,'3E16');
INSERT INTO rooms (id,name) VALUES (304,'3S16');
INSERT INTO rooms (id,name) VALUES (305,'3N17');
INSERT INTO rooms (id,name) VALUES (306,'3W17');
INSERT INTO rooms (id,name) VALUES (307,'3E17');
INSERT INTO rooms (id,name) VALUES (308,'3S17');
INSERT INTO rooms (id,name) VALUES (309,'3N18');
INSERT INTO rooms (id,name) VALUES (310,'3W18');
INSERT INTO rooms (id,name) VALUES (311,'3E18');
INSERT INTO rooms (id,name) VALUES (312,'3S18');
INSERT INTO rooms (id,name) VALUES (313,'3N19');
INSERT INTO rooms (id,name) VALUES (314,'3W19');
INSERT INTO rooms (id,name) VALUES (315,'3E19');
INSERT INTO rooms (id,name) VALUES (316,'3S19');
INSERT INTO rooms (id,name) VALUES (317,'3N20');
INSERT INTO rooms (id,name) VALUES (318,'3W20');
INSERT INTO rooms (id,name) VALUES (319,'3E20');
INSERT INTO rooms (id,name) VALUES (320,'3S20');
INSERT INTO rooms (id,name) VALUES (321,'4N1');
INSERT INTO rooms (id,name) VALUES (322,'4W1');
INSERT INTO rooms (id,name) VALUES (323,'4E1');
INSERT INTO rooms (id,name) VALUES (324,'4S1');
INSERT INTO rooms (id,name) VALUES (325,'4N2');
INSERT INTO rooms (id,name) VALUES (326,'4W2');
INSERT INTO rooms (id,name) VALUES (327,'4E2');
INSERT INTO rooms (id,name) VALUES (328,'4S2');
INSERT INTO rooms (id,name) VALUES (329,'4N3');
INSERT INTO rooms (id,name) VALUES (330,'4W3');
INSERT INTO rooms (id,name) VALUES (331,'4E3');
INSERT INTO rooms (id,name) VALUES (332,'4S3');
INSERT INTO rooms (id,name) VALUES (333,'4N4');
INSERT INTO rooms (id,name) VALUES (334,'4W4');
INSERT INTO rooms (id,name) VALUES (335,'4E4');
INSERT INTO rooms (id,name) VALUES (336,'4S4');
INSERT INTO rooms (id,name) VALUES (337,'4N5');
INSERT INTO rooms (id,name) VALUES (338,'4W5');
INSERT INTO rooms (id,name) VALUES (339,'4E5');
INSERT INTO rooms (id,name) VALUES (340,'4S5');
INSERT INTO rooms (id,name) VALUES (341,'4N6');
INSERT INTO rooms (id,name) VALUES (342,'4W6');
INSERT INTO rooms (id,name) VALUES (343,'4E6');
INSERT INTO rooms (id,name) VALUES (344,'4S6');
INSERT INTO rooms (id,name) VALUES (345,'4N7');
INSERT INTO rooms (id,name) VALUES (346,'4W7');
INSERT INTO rooms (id,name) VALUES (347,'4E7');
INSERT INTO rooms (id,name) VALUES (348,'4S7');
INSERT INTO rooms (id,name) VALUES (349,'4N8');
INSERT INTO rooms (id,name) VALUES (350,'4W8');
INSERT INTO rooms (id,name) VALUES (351,'4E8');
INSERT INTO rooms (id,name) VALUES (352,'4S8');
INSERT INTO rooms (id,name) VALUES (353,'4N9');
INSERT INTO rooms (id,name) VALUES (354,'4W9');
INSERT INTO rooms (id,name) VALUES (355,'4E9');
INSERT INTO rooms (id,name) VALUES (356,'4S9');
INSERT INTO rooms (id,name) VALUES (357,'4N10');
INSERT INTO rooms (id,name) VALUES (358,'4W10');
INSERT INTO rooms (id,name) VALUES (359,'4E10');
INSERT INTO rooms (id,name) VALUES (360,'4S10');
INSERT INTO rooms (id,name) VALUES (361,'4N11');
INSERT INTO rooms (id,name) VALUES (362,'4W11');
INSERT INTO rooms (id,name) VALUES (363,'4E11');
INSERT INTO rooms (id,name) VALUES (364,'4S11');
INSERT INTO rooms (id,name) VALUES (365,'4N12');
INSERT INTO rooms (id,name) VALUES (366,'4W12');
INSERT INTO rooms (id,name) VALUES (367,'4E12');
INSERT INTO rooms (id,name) VALUES (368,'4S12');
INSERT INTO rooms (id,name) VALUES (369,'4N13');
INSERT INTO rooms (id,name) VALUES (370,'4W13');
INSERT INTO rooms (id,name) VALUES (371,'4E13');
INSERT INTO rooms (id,name) VALUES (372,'4S13');
INSERT INTO rooms (id,name) VALUES (373,'4N14');
INSERT INTO rooms (id,name) VALUES (374,'4W14');
INSERT INTO rooms (id,name) VALUES (375,'4E14');
INSERT INTO rooms (id,name) VALUES (376,'4S14');
INSERT INTO rooms (id,name) VALUES (377,'4N15');
INSERT INTO rooms (id,name) VALUES (378,'4W15');
INSERT INTO rooms (id,name) VALUES (379,'4E15');
INSERT INTO rooms (id,name) VALUES (380,'4S15');
INSERT INTO rooms (id,name) VALUES (381,'4N16');
INSERT INTO rooms (id,name) VALUES (382,'4W16');
INSERT INTO rooms (id,name) VALUES (383,'4E16');
INSERT INTO rooms (id,name) VALUES (384,'4S16');
INSERT INTO rooms (id,name) VALUES (385,'4N17');
INSERT INTO rooms (id,name) VALUES (386,'4W17');
INSERT INTO rooms (id,name) VALUES (387,'4E17');
INSERT INTO rooms (id,name) VALUES (388,'4S17');
INSERT INTO rooms (id,name) VALUES (389,'4N18');
INSERT INTO rooms (id,name) VALUES (390,'4W18');
INSERT INTO rooms (id,name) VALUES (391,'4E18');
INSERT INTO rooms (id,name) VALUES (392,'4S18');
INSERT INTO rooms (id,name) VALUES (393,'4N19');
INSERT INTO rooms (id,name) VALUES (394,'4W19');
INSERT INTO rooms (id,name) VALUES (395,'4E19');
INSERT INTO rooms (id,name) VALUES (396,'4S19');
INSERT INTO rooms (id,name) VALUES (397,'4N20');
INSERT INTO rooms (id,name) VALUES (398,'4W20');
INSERT INTO rooms (id,name) VALUES (399,'4E20');
INSERT INTO rooms (id,name) VALUES (400,'4S20');
INSERT INTO rooms (id,name) VALUES (401,'5N1');
INSERT INTO rooms (id,name) VALUES (402,'5W1');
INSERT INTO rooms (id,name) VALUES (403,'5E1');
INSERT INTO rooms (id,name) VALUES (404,'5S1');
INSERT INTO rooms (id,name) VALUES (405,'5N2');
INSERT INTO rooms (id,name) VALUES (406,'5W2');
INSERT INTO rooms (id,name) VALUES (407,'5E2');
INSERT INTO rooms (id,name) VALUES (408,'5S2');
INSERT INTO rooms (id,name) VALUES (409,'5N3');
INSERT INTO rooms (id,name) VALUES (410,'5W3');
INSERT INTO rooms (id,name) VALUES (411,'5E3');
INSERT INTO rooms (id,name) VALUES (412,'5S3');
INSERT INTO rooms (id,name) VALUES (413,'5N4');
INSERT INTO rooms (id,name) VALUES (414,'5W4');
INSERT INTO rooms (id,name) VALUES (415,'5E4');
INSERT INTO rooms (id,name) VALUES (416,'5S4');
INSERT INTO rooms (id,name) VALUES (417,'5N5');
INSERT INTO rooms (id,name) VALUES (418,'5W5');
INSERT INTO rooms (id,name) VALUES (419,'5E5');
INSERT INTO rooms (id,name) VALUES (420,'5S5');
INSERT INTO rooms (id,name) VALUES (421,'5N6');
INSERT INTO rooms (id,name) VALUES (422,'5W6');
INSERT INTO rooms (id,name) VALUES (423,'5E6');
INSERT INTO rooms (id,name) VALUES (424,'5S6');
INSERT INTO rooms (id,name) VALUES (425,'5N7');
INSERT INTO rooms (id,name) VALUES (426,'5W7');
INSERT INTO rooms (id,name) VALUES (427,'5E7');
INSERT INTO rooms (id,name) VALUES (428,'5S7');
INSERT INTO rooms (id,name) VALUES (429,'5N8');
INSERT INTO rooms (id,name) VALUES (430,'5W8');
INSERT INTO rooms (id,name) VALUES (431,'5E8');
INSERT INTO rooms (id,name) VALUES (432,'5S8');
INSERT INTO rooms (id,name) VALUES (433,'5N9');
INSERT INTO rooms (id,name) VALUES (434,'5W9');
INSERT INTO rooms (id,name) VALUES (435,'5E9');
INSERT INTO rooms (id,name) VALUES (436,'5S9');
INSERT INTO rooms (id,name) VALUES (437,'5N10');
INSERT INTO rooms (id,name) VALUES (438,'5W10');
INSERT INTO rooms (id,name) VALUES (439,'5E10');
INSERT INTO rooms (id,name) VALUES (440,'5S10');
INSERT INTO rooms (id,name) VALUES (441,'5N11');
INSERT INTO rooms (id,name) VALUES (442,'5W11');
INSERT INTO rooms (id,name) VALUES (443,'5E11');
INSERT INTO rooms (id,name) VALUES (444,'5S11');
INSERT INTO rooms (id,name) VALUES (445,'5N12');
INSERT INTO rooms (id,name) VALUES (446,'5W12');
INSERT INTO rooms (id,name) VALUES (447,'5E12');
INSERT INTO rooms (id,name) VALUES (448,'5S12');
INSERT INTO rooms (id,name) VALUES (449,'5N13');
INSERT INTO rooms (id,name) VALUES (450,'5W13');
INSERT INTO rooms (id,name) VALUES (451,'5E13');
INSERT INTO rooms (id,name) VALUES (452,'5S13');
INSERT INTO rooms (id,name) VALUES (453,'5N14');
INSERT INTO rooms (id,name) VALUES (454,'5W14');
INSERT INTO rooms (id,name) VALUES (455,'5E14');
INSERT INTO rooms (id,name) VALUES (456,'5S14');
INSERT INTO rooms (id,name) VALUES (457,'5N15');
INSERT INTO rooms (id,name) VALUES (458,'5W15');
INSERT INTO rooms (id,name) VALUES (459,'5E15');
INSERT INTO rooms (id,name) VALUES (460,'5S15');
INSERT INTO rooms (id,name) VALUES (461,'5N16');
INSERT INTO rooms (id,name) VALUES (462,'5W16');
INSERT INTO rooms (id,name) VALUES (463,'5E16');
INSERT INTO rooms (id,name) VALUES (464,'5S16');
INSERT INTO rooms (id,name) VALUES (465,'5N17');
INSERT INTO rooms (id,name) VALUES (466,'5W17');
INSERT INTO rooms (id,name) VALUES (467,'5E17');
INSERT INTO rooms (id,name) VALUES (468,'5S17');
INSERT INTO rooms (id,name) VALUES (469,'5N18');
INSERT INTO rooms (id,name) VALUES (470,'5W18');
INSERT INTO rooms (id,name) VALUES (471,'5E18');
INSERT INTO rooms (id,name) VALUES (472,'5S18');
INSERT INTO rooms (id,name) VALUES (473,'5N19');
INSERT INTO rooms (id,name) VALUES (474,'5W19');
INSERT INTO rooms (id,name) VALUES (475,'5E19');
INSERT INTO rooms (id,name) VALUES (476,'5S19');
INSERT INTO rooms (id,name) VALUES (477,'5N20');
INSERT INTO rooms (id,name) VALUES (478,'5W20');
INSERT INTO rooms (id,name) VALUES (479,'5E20');
INSERT INTO rooms (id,name) VALUES (480,'5S20');
INSERT INTO rooms (id,name) VALUES (481,'6N1');
INSERT INTO rooms (id,name) VALUES (482,'6W1');
INSERT INTO rooms (id,name) VALUES (483,'6E1');
INSERT INTO rooms (id,name) VALUES (484,'6S1');
INSERT INTO rooms (id,name) VALUES (485,'6N2');
INSERT INTO rooms (id,name) VALUES (486,'6W2');
INSERT INTO rooms (id,name) VALUES (487,'6E2');
INSERT INTO rooms (id,name) VALUES (488,'6S2');
INSERT INTO rooms (id,name) VALUES (489,'6N3');
INSERT INTO rooms (id,name) VALUES (490,'6W3');
INSERT INTO rooms (id,name) VALUES (491,'6E3');
INSERT INTO rooms (id,name) VALUES (492,'6S3');
INSERT INTO rooms (id,name) VALUES (493,'6N4');
INSERT INTO rooms (id,name) VALUES (494,'6W4');
INSERT INTO rooms (id,name) VALUES (495,'6E4');
INSERT INTO rooms (id,name) VALUES (496,'6S4');
INSERT INTO rooms (id,name) VALUES (497,'6N5');
INSERT INTO rooms (id,name) VALUES (498,'6W5');
INSERT INTO rooms (id,name) VALUES (499,'6E5');
INSERT INTO rooms (id,name) VALUES (500,'6S5');
INSERT INTO rooms (id,name) VALUES (501,'6N6');
INSERT INTO rooms (id,name) VALUES (502,'6W6');
INSERT INTO rooms (id,name) VALUES (503,'6E6');
INSERT INTO rooms (id,name) VALUES (504,'6S6');
INSERT INTO rooms (id,name) VALUES (505,'6N7');
INSERT INTO rooms (id,name) VALUES (506,'6W7');
INSERT INTO rooms (id,name) VALUES (507,'6E7');
INSERT INTO rooms (id,name) VALUES (508,'6S7');
INSERT INTO rooms (id,name) VALUES (509,'6N8');
INSERT INTO rooms (id,name) VALUES (510,'6W8');
INSERT INTO rooms (id,name) VALUES (511,'6E8');
INSERT INTO rooms (id,name) VALUES (512,'6S8');
INSERT INTO rooms (id,name) VALUES (513,'6N9');
INSERT INTO rooms (id,name) VALUES (514,'6W9');
INSERT INTO rooms (id,name) VALUES (515,'6E9');
INSERT INTO rooms (id,name) VALUES (516,'6S9');
INSERT INTO rooms (id,name) VALUES (517,'6N10');
INSERT INTO rooms (id,name) VALUES (518,'6W10');
INSERT INTO rooms (id,name) VALUES (519,'6E10');
INSERT INTO rooms (id,name) VALUES (520,'6S10');
INSERT INTO rooms (id,name) VALUES (521,'6N11');
INSERT INTO rooms (id,name) VALUES (522,'6W11');
INSERT INTO rooms (id,name) VALUES (523,'6E11');
INSERT INTO rooms (id,name) VALUES (524,'6S11');
INSERT INTO rooms (id,name) VALUES (525,'6N12');
INSERT INTO rooms (id,name) VALUES (526,'6W12');
INSERT INTO rooms (id,name) VALUES (527,'6E12');
INSERT INTO rooms (id,name) VALUES (528,'6S12');
INSERT INTO rooms (id,name) VALUES (529,'6N13');
INSERT INTO rooms (id,name) VALUES (530,'6W13');
INSERT INTO rooms (id,name) VALUES (531,'6E13');
INSERT INTO rooms (id,name) VALUES (532,'6S13');
INSERT INTO rooms (id,name) VALUES (533,'6N14');
INSERT INTO rooms (id,name) VALUES (534,'6W14');
INSERT INTO rooms (id,name) VALUES (535,'6E14');
INSERT INTO rooms (id,name) VALUES (536,'6S14');
INSERT INTO rooms (id,name) VALUES (537,'6N15');
INSERT INTO rooms (id,name) VALUES (538,'6W15');
INSERT INTO rooms (id,name) VALUES (539,'6E15');
INSERT INTO rooms (id,name) VALUES (540,'6S15');
INSERT INTO rooms (id,name) VALUES (541,'6N16');
INSERT INTO rooms (id,name) VALUES (542,'6W16');
INSERT INTO rooms (id,name) VALUES (543,'6E16');
INSERT INTO rooms (id,name) VALUES (544,'6S16');
INSERT INTO rooms (id,name) VALUES (545,'6N17');
INSERT INTO rooms (id,name) VALUES (546,'6W17');
INSERT INTO rooms (id,name) VALUES (547,'6E17');
INSERT INTO rooms (id,name) VALUES (548,'6S17');
INSERT INTO rooms (id,name) VALUES (549,'6N18');
INSERT INTO rooms (id,name) VALUES (550,'6W18');
INSERT INTO rooms (id,name) VALUES (551,'6E18');
INSERT INTO rooms (id,name) VALUES (552,'6S18');
INSERT INTO rooms (id,name) VALUES (553,'6N19');
INSERT INTO rooms (id,name) VALUES (554,'6W19');
INSERT INTO rooms (id,name) VALUES (555,'6E19');
INSERT INTO rooms (id,name) VALUES (556,'6S19');
INSERT INTO rooms (id,name) VALUES (557,'6N20');
INSERT INTO rooms (id,name) VALUES (558,'6W20');
INSERT INTO rooms (id,name) VALUES (559,'6E20');
INSERT INTO rooms (id,name) VALUES (560,'6S20');
INSERT INTO rooms (id,name) VALUES (561,'7N1');
INSERT INTO rooms (id,name) VALUES (562,'7W1');
INSERT INTO rooms (id,name) VALUES (563,'7E1');
INSERT INTO rooms (id,name) VALUES (564,'7S1');
INSERT INTO rooms (id,name) VALUES (565,'7N2');
INSERT INTO rooms (id,name) VALUES (566,'7W2');
INSERT INTO rooms (id,name) VALUES (567,'7E2');
INSERT INTO rooms (id,name) VALUES (568,'7S2');
INSERT INTO rooms (id,name) VALUES (569,'7N3');
INSERT INTO rooms (id,name) VALUES (570,'7W3');
INSERT INTO rooms (id,name) VALUES (571,'7E3');
INSERT INTO rooms (id,name) VALUES (572,'7S3');
INSERT INTO rooms (id,name) VALUES (573,'7N4');
INSERT INTO rooms (id,name) VALUES (574,'7W4');
INSERT INTO rooms (id,name) VALUES (575,'7E4');
INSERT INTO rooms (id,name) VALUES (576,'7S4');
INSERT INTO rooms (id,name) VALUES (577,'7N5');
INSERT INTO rooms (id,name) VALUES (578,'7W5');
INSERT INTO rooms (id,name) VALUES (579,'7E5');
INSERT INTO rooms (id,name) VALUES (580,'7S5');
INSERT INTO rooms (id,name) VALUES (581,'7N6');
INSERT INTO rooms (id,name) VALUES (582,'7W6');
INSERT INTO rooms (id,name) VALUES (583,'7E6');
INSERT INTO rooms (id,name) VALUES (584,'7S6');
INSERT INTO rooms (id,name) VALUES (585,'7N7');
INSERT INTO rooms (id,name) VALUES (586,'7W7');
INSERT INTO rooms (id,name) VALUES (587,'7E7');
INSERT INTO rooms (id,name) VALUES (588,'7S7');
INSERT INTO rooms (id,name) VALUES (589,'7N8');
INSERT INTO rooms (id,name) VALUES (590,'7W8');
INSERT INTO rooms (id,name) VALUES (591,'7E8');
INSERT INTO rooms (id,name) VALUES (592,'7S8');
INSERT INTO rooms (id,name) VALUES (593,'7N9');
INSERT INTO rooms (id,name) VALUES (594,'7W9');
INSERT INTO rooms (id,name) VALUES (595,'7E9');
INSERT INTO rooms (id,name) VALUES (596,'7S9');
INSERT INTO rooms (id,name) VALUES (597,'7N10');
INSERT INTO rooms (id,name) VALUES (598,'7W10');
INSERT INTO rooms (id,name) VALUES (599,'7E10');
INSERT INTO rooms (id,name) VALUES (600,'7S10');
INSERT INTO rooms (id,name) VALUES (601,'7N11');
INSERT INTO rooms (id,name) VALUES (602,'7W11');
INSERT INTO rooms (id,name) VALUES (603,'7E11');
INSERT INTO rooms (id,name) VALUES (604,'7S11');
INSERT INTO rooms (id,name) VALUES (605,'7N12');
INSERT INTO rooms (id,name) VALUES (606,'7W12');
INSERT INTO rooms (id,name) VALUES (607,'7E12');
INSERT INTO rooms (id,name) VALUES (608,'7S12');
INSERT INTO rooms (id,name) VALUES (609,'7N13');
INSERT INTO rooms (id,name) VALUES (610,'7W13');
INSERT INTO rooms (id,name) VALUES (611,'7E13');
INSERT INTO rooms (id,name) VALUES (612,'7S13');
INSERT INTO rooms (id,name) VALUES (613,'7N14');
INSERT INTO rooms (id,name) VALUES (614,'7W14');
INSERT INTO rooms (id,name) VALUES (615,'7E14');
INSERT INTO rooms (id,name) VALUES (616,'7S14');
INSERT INTO rooms (id,name) VALUES (617,'7N15');
INSERT INTO rooms (id,name) VALUES (618,'7W15');
INSERT INTO rooms (id,name) VALUES (619,'7E15');
INSERT INTO rooms (id,name) VALUES (620,'7S15');
INSERT INTO rooms (id,name) VALUES (621,'7N16');
INSERT INTO rooms (id,name) VALUES (622,'7W16');
INSERT INTO rooms (id,name) VALUES (623,'7E16');
INSERT INTO rooms (id,name) VALUES (624,'7S16');
INSERT INTO rooms (id,name) VALUES (625,'7N17');
INSERT INTO rooms (id,name) VALUES (626,'7W17');
INSERT INTO rooms (id,name) VALUES (627,'7E17');
INSERT INTO rooms (id,name) VALUES (628,'7S17');
INSERT INTO rooms (id,name) VALUES (629,'7N18');
INSERT INTO rooms (id,name) VALUES (630,'7W18');
INSERT INTO rooms (id,name) VALUES (631,'7E18');
INSERT INTO rooms (id,name) VALUES (632,'7S18');
INSERT INTO rooms (id,name) VALUES (633,'7N19');
INSERT INTO rooms (id,name) VALUES (634,'7W19');
INSERT INTO rooms (id,name) VALUES (635,'7E19');
INSERT INTO rooms (id,name) VALUES (636,'7S19');
INSERT INTO rooms (id,name) VALUES (637,'7N20');
INSERT INTO rooms (id,name) VALUES (638,'7W20');
INSERT INTO rooms (id,name) VALUES (639,'7E20');
INSERT INTO rooms (id,name) VALUES (640,'7S20');
INSERT INTO rooms (id,name) VALUES (641,'8N1');
INSERT INTO rooms (id,name) VALUES (642,'8W1');
INSERT INTO rooms (id,name) VALUES (643,'8E1');
INSERT INTO rooms (id,name) VALUES (644,'8S1');
INSERT INTO rooms (id,name) VALUES (645,'8N2');
INSERT INTO rooms (id,name) VALUES (646,'8W2');
INSERT INTO rooms (id,name) VALUES (647,'8E2');
INSERT INTO rooms (id,name) VALUES (648,'8S2');
INSERT INTO rooms (id,name) VALUES (649,'8N3');
INSERT INTO rooms (id,name) VALUES (650,'8W3');
INSERT INTO rooms (id,name) VALUES (651,'8E3');
INSERT INTO rooms (id,name) VALUES (652,'8S3');
INSERT INTO rooms (id,name) VALUES (653,'8N4');
INSERT INTO rooms (id,name) VALUES (654,'8W4');
INSERT INTO rooms (id,name) VALUES (655,'8E4');
INSERT INTO rooms (id,name) VALUES (656,'8S4');
INSERT INTO rooms (id,name) VALUES (657,'8N5');
INSERT INTO rooms (id,name) VALUES (658,'8W5');
INSERT INTO rooms (id,name) VALUES (659,'8E5');
INSERT INTO rooms (id,name) VALUES (660,'8S5');
INSERT INTO rooms (id,name) VALUES (661,'8N6');
INSERT INTO rooms (id,name) VALUES (662,'8W6');
INSERT INTO rooms (id,name) VALUES (663,'8E6');
INSERT INTO rooms (id,name) VALUES (664,'8S6');
INSERT INTO rooms (id,name) VALUES (665,'8N7');
INSERT INTO rooms (id,name) VALUES (666,'8W7');
INSERT INTO rooms (id,name) VALUES (667,'8E7');
INSERT INTO rooms (id,name) VALUES (668,'8S7');
INSERT INTO rooms (id,name) VALUES (669,'8N8');
INSERT INTO rooms (id,name) VALUES (670,'8W8');
INSERT INTO rooms (id,name) VALUES (671,'8E8');
INSERT INTO rooms (id,name) VALUES (672,'8S8');
INSERT INTO rooms (id,name) VALUES (673,'8N9');
INSERT INTO rooms (id,name) VALUES (674,'8W9');
INSERT INTO rooms (id,name) VALUES (675,'8E9');
INSERT INTO rooms (id,name) VALUES (676,'8S9');
INSERT INTO rooms (id,name) VALUES (677,'8N10');
INSERT INTO rooms (id,name) VALUES (678,'8W10');
INSERT INTO rooms (id,name) VALUES (679,'8E10');
INSERT INTO rooms (id,name) VALUES (680,'8S10');
INSERT INTO rooms (id,name) VALUES (681,'8N11');
INSERT INTO rooms (id,name) VALUES (682,'8W11');
INSERT INTO rooms (id,name) VALUES (683,'8E11');
INSERT INTO rooms (id,name) VALUES (684,'8S11');
INSERT INTO rooms (id,name) VALUES (685,'8N12');
INSERT INTO rooms (id,name) VALUES (686,'8W12');
INSERT INTO rooms (id,name) VALUES (687,'8E12');
INSERT INTO rooms (id,name) VALUES (688,'8S12');
INSERT INTO rooms (id,name) VALUES (689,'8N13');
INSERT INTO rooms (id,name) VALUES (690,'8W13');
INSERT INTO rooms (id,name) VALUES (691,'8E13');
INSERT INTO rooms (id,name) VALUES (692,'8S13');
INSERT INTO rooms (id,name) VALUES (693,'8N14');
INSERT INTO rooms (id,name) VALUES (694,'8W14');
INSERT INTO rooms (id,name) VALUES (695,'8E14');
INSERT INTO rooms (id,name) VALUES (696,'8S14');
INSERT INTO rooms (id,name) VALUES (697,'8N15');
INSERT INTO rooms (id,name) VALUES (698,'8W15');
INSERT INTO rooms (id,name) VALUES (699,'8E15');
INSERT INTO rooms (id,name) VALUES (700,'8S15');
INSERT INTO rooms (id,name) VALUES (701,'8N16');
INSERT INTO rooms (id,name) VALUES (702,'8W16');
INSERT INTO rooms (id,name) VALUES (703,'8E16');
INSERT INTO rooms (id,name) VALUES (704,'8S16');
INSERT INTO rooms (id,name) VALUES (705,'8N17');
INSERT INTO rooms (id,name) VALUES (706,'8W17');
INSERT INTO rooms (id,name) VALUES (707,'8E17');
INSERT INTO rooms (id,name) VALUES (708,'8S17');
INSERT INTO rooms (id,name) VALUES (709,'8N18');
INSERT INTO rooms (id,name) VALUES (710,'8W18');
INSERT INTO rooms (id,name) VALUES (711,'8E18');
INSERT INTO rooms (id,name) VALUES (712,'8S18');
INSERT INTO rooms (id,name) VALUES (713,'8N19');
INSERT INTO rooms (id,name) VALUES (714,'8W19');
INSERT INTO rooms (id,name) VALUES (715,'8E19');
INSERT INTO rooms (id,name) VALUES (716,'8S19');
INSERT INTO rooms (id,name) VALUES (717,'8N20');
INSERT INTO rooms (id,name) VALUES (718,'8W20');
INSERT INTO rooms (id,name) VALUES (719,'8E20');
INSERT INTO rooms (id,name) VALUES (720,'8S20');

INSERT INTO classes (id,room_id,course_id) VALUES (1,544,1);
INSERT INTO classes (id,room_id,course_id) VALUES (2,353,2);
INSERT INTO classes (id,room_id,course_id) VALUES (3,181,3);
INSERT INTO classes (id,room_id,course_id) VALUES (4,377,4);
INSERT INTO classes (id,room_id,course_id) VALUES (5,186,5);
INSERT INTO classes (id,room_id,course_id) VALUES (6,29,6);
INSERT INTO classes (id,room_id,course_id) VALUES (7,462,7);
INSERT INTO classes (id,room_id,course_id) VALUES (8,476,8);
INSERT INTO classes (id,room_id,course_id) VALUES (9,308,9);
INSERT INTO classes (id,room_id,course_id) VALUES (10,193,10);
INSERT INTO classes (id,room_id,course_id) VALUES (11,540,11);
INSERT INTO classes (id,room_id,course_id) VALUES (12,152,12);
INSERT INTO classes (id,room_id,course_id) VALUES (13,601,13);
INSERT INTO classes (id,room_id,course_id) VALUES (14,488,14);
INSERT INTO classes (id,room_id,course_id) VALUES (15,699,15);
INSERT INTO classes (id,room_id,course_id) VALUES (16,382,16);
INSERT INTO classes (id,room_id,course_id) VALUES (17,518,17);
INSERT INTO classes (id,room_id,course_id) VALUES (18,26,18);
INSERT INTO classes (id,room_id,course_id) VALUES (19,12,19);
INSERT INTO classes (id,room_id,course_id) VALUES (20,498,20);
INSERT INTO classes (id,room_id,course_id) VALUES (21,486,21);
INSERT INTO classes (id,room_id,course_id) VALUES (22,94,22);
INSERT INTO classes (id,room_id,course_id) VALUES (23,261,23);
INSERT INTO classes (id,room_id,course_id) VALUES (24,3,24);
INSERT INTO classes (id,room_id,course_id) VALUES (25,590,25);
INSERT INTO classes (id,room_id,course_id) VALUES (26,51,26);
INSERT INTO classes (id,room_id,course_id) VALUES (27,276,27);
INSERT INTO classes (id,room_id,course_id) VALUES (28,376,28);
INSERT INTO classes (id,room_id,course_id) VALUES (29,155,29);
INSERT INTO classes (id,room_id,course_id) VALUES (30,253,30);
INSERT INTO classes (id,room_id,course_id) VALUES (31,666,31);
INSERT INTO classes (id,room_id,course_id) VALUES (32,289,32);
INSERT INTO classes (id,room_id,course_id) VALUES (33,422,33);
INSERT INTO classes (id,room_id,course_id) VALUES (34,374,34);
INSERT INTO classes (id,room_id,course_id) VALUES (35,458,35);
INSERT INTO classes (id,room_id,course_id) VALUES (36,388,36);
INSERT INTO classes (id,room_id,course_id) VALUES (37,643,37);
INSERT INTO classes (id,room_id,course_id) VALUES (38,349,38);
INSERT INTO classes (id,room_id,course_id) VALUES (39,29,39);
INSERT INTO classes (id,room_id,course_id) VALUES (40,624,40);
INSERT INTO classes (id,room_id,course_id) VALUES (41,572,41);
INSERT INTO classes (id,room_id,course_id) VALUES (42,429,42);
INSERT INTO classes (id,room_id,course_id) VALUES (43,136,43);
INSERT INTO classes (id,room_id,course_id) VALUES (44,276,44);
INSERT INTO classes (id,room_id,course_id) VALUES (45,329,45);
INSERT INTO classes (id,room_id,course_id) VALUES (46,239,46);
INSERT INTO classes (id,room_id,course_id) VALUES (47,86,47);
INSERT INTO classes (id,room_id,course_id) VALUES (48,245,48);
INSERT INTO classes (id,room_id,course_id) VALUES (49,46,49);
INSERT INTO classes (id,room_id,course_id) VALUES (50,333,50);
INSERT INTO classes (id,room_id,course_id) VALUES (51,619,51);
INSERT INTO classes (id,room_id,course_id) VALUES (52,663,52);
INSERT INTO classes (id,room_id,course_id) VALUES (53,410,53);
INSERT INTO classes (id,room_id,course_id) VALUES (54,672,54);
INSERT INTO classes (id,room_id,course_id) VALUES (55,125,55);
INSERT INTO classes (id,room_id,course_id) VALUES (56,97,56);
INSERT INTO classes (id,room_id,course_id) VALUES (57,48,57);
INSERT INTO classes (id,room_id,course_id) VALUES (58,272,58);
INSERT INTO classes (id,room_id,course_id) VALUES (59,538,59);
INSERT INTO classes (id,room_id,course_id) VALUES (60,214,60);
INSERT INTO classes (id,room_id,course_id) VALUES (61,499,61);
INSERT INTO classes (id,room_id,course_id) VALUES (62,99,62);
INSERT INTO classes (id,room_id,course_id) VALUES (63,475,63);
INSERT INTO classes (id,room_id,course_id) VALUES (64,621,64);
INSERT INTO classes (id,room_id,course_id) VALUES (65,706,65);
INSERT INTO classes (id,room_id,course_id) VALUES (66,477,66);
INSERT INTO classes (id,room_id,course_id) VALUES (67,293,67);
INSERT INTO classes (id,room_id,course_id) VALUES (68,114,68);
INSERT INTO classes (id,room_id,course_id) VALUES (69,678,69);
INSERT INTO classes (id,room_id,course_id) VALUES (70,452,70);
INSERT INTO classes (id,room_id,course_id) VALUES (71,58,71);
INSERT INTO classes (id,room_id,course_id) VALUES (72,89,72);
INSERT INTO classes (id,room_id,course_id) VALUES (73,297,73);
INSERT INTO classes (id,room_id,course_id) VALUES (74,13,74);
INSERT INTO classes (id,room_id,course_id) VALUES (75,188,75);
INSERT INTO classes (id,room_id,course_id) VALUES (76,76,76);
INSERT INTO classes (id,room_id,course_id) VALUES (77,242,77);
INSERT INTO classes (id,room_id,course_id) VALUES (78,558,78);
INSERT INTO classes (id,room_id,course_id) VALUES (79,178,79);
INSERT INTO classes (id,room_id,course_id) VALUES (80,287,80);
INSERT INTO classes (id,room_id,course_id) VALUES (81,153,81);
INSERT INTO classes (id,room_id,course_id) VALUES (82,540,82);
INSERT INTO classes (id,room_id,course_id) VALUES (83,478,83);
INSERT INTO classes (id,room_id,course_id) VALUES (84,719,84);
INSERT INTO classes (id,room_id,course_id) VALUES (85,409,85);
INSERT INTO classes (id,room_id,course_id) VALUES (86,173,86);
INSERT INTO classes (id,room_id,course_id) VALUES (87,485,87);
INSERT INTO classes (id,room_id,course_id) VALUES (88,663,88);
INSERT INTO classes (id,room_id,course_id) VALUES (89,620,89);
INSERT INTO classes (id,room_id,course_id) VALUES (90,233,90);
INSERT INTO classes (id,room_id,course_id) VALUES (91,163,91);
INSERT INTO classes (id,room_id,course_id) VALUES (92,97,92);
INSERT INTO classes (id,room_id,course_id) VALUES (93,684,93);
INSERT INTO classes (id,room_id,course_id) VALUES (94,629,94);
INSERT INTO classes (id,room_id,course_id) VALUES (95,634,95);
INSERT INTO classes (id,room_id,course_id) VALUES (96,288,96);
INSERT INTO classes (id,room_id,course_id) VALUES (97,684,97);
INSERT INTO classes (id,room_id,course_id) VALUES (98,236,98);
INSERT INTO classes (id,room_id,course_id) VALUES (99,154,99);
INSERT INTO classes (id,room_id,course_id) VALUES (100,79,1);
INSERT INTO classes (id,room_id,course_id) VALUES (101,215,2);
INSERT INTO classes (id,room_id,course_id) VALUES (102,41,3);
INSERT INTO classes (id,room_id,course_id) VALUES (103,275,4);
INSERT INTO classes (id,room_id,course_id) VALUES (104,533,5);
INSERT INTO classes (id,room_id,course_id) VALUES (105,70,6);
INSERT INTO classes (id,room_id,course_id) VALUES (106,173,7);
INSERT INTO classes (id,room_id,course_id) VALUES (107,424,8);
INSERT INTO classes (id,room_id,course_id) VALUES (108,442,9);
INSERT INTO classes (id,room_id,course_id) VALUES (109,643,10);
INSERT INTO classes (id,room_id,course_id) VALUES (110,417,11);
INSERT INTO classes (id,room_id,course_id) VALUES (111,497,12);
INSERT INTO classes (id,room_id,course_id) VALUES (112,555,13);
INSERT INTO classes (id,room_id,course_id) VALUES (113,106,14);
INSERT INTO classes (id,room_id,course_id) VALUES (114,227,15);
INSERT INTO classes (id,room_id,course_id) VALUES (115,111,16);
INSERT INTO classes (id,room_id,course_id) VALUES (116,71,17);
INSERT INTO classes (id,room_id,course_id) VALUES (117,656,18);
INSERT INTO classes (id,room_id,course_id) VALUES (118,490,19);
INSERT INTO classes (id,room_id,course_id) VALUES (119,301,20);
INSERT INTO classes (id,room_id,course_id) VALUES (120,263,21);
INSERT INTO classes (id,room_id,course_id) VALUES (121,562,22);
INSERT INTO classes (id,room_id,course_id) VALUES (122,80,23);
INSERT INTO classes (id,room_id,course_id) VALUES (123,603,24);
INSERT INTO classes (id,room_id,course_id) VALUES (124,314,25);
INSERT INTO classes (id,room_id,course_id) VALUES (125,564,26);
INSERT INTO classes (id,room_id,course_id) VALUES (126,202,27);
INSERT INTO classes (id,room_id,course_id) VALUES (127,6,28);
INSERT INTO classes (id,room_id,course_id) VALUES (128,377,29);
INSERT INTO classes (id,room_id,course_id) VALUES (129,301,30);

INSERT INTO assignments (id,class_id,name,type) VALUES (1,1,'assignment_1',1);
INSERT INTO assignments (id,class_id,name,type) VALUES (2,1,'assignment_2',1);
INSERT INTO assignments (id,class_id,name,type) VALUES (3,1,'assignment_3',1);
INSERT INTO assignments (id,class_id,name,type) VALUES (4,1,'assignment_4',1);
INSERT INTO assignments (id,class_id,name,type) VALUES (5,1,'assignment_5',1);
INSERT INTO assignments (id,class_id,name,type) VALUES (6,1,'assignment_6',1);
INSERT INTO assignments (id,class_id,name,type) VALUES (7,1,'assignment_7',1);
INSERT INTO assignments (id,class_id,name,type) VALUES (8,1,'assignment_8',1);
INSERT INTO assignments (id,class_id,name,type) VALUES (9,1,'assignment_9',1);
INSERT INTO assignments (id,class_id,name,type) VALUES (10,1,'assignment_10',1);
INSERT INTO assignments (id,class_id,name,type) VALUES (11,1,'assignment_11',1);
INSERT INTO assignments (id,class_id,name,type) VALUES (12,1,'assignment_12',1);
INSERT INTO assignments (id,class_id,name,type) VALUES (13,1,'assignment_13',2);
INSERT INTO assignments (id,class_id,name,type) VALUES (14,1,'assignment_14',2);
INSERT INTO assignments (id,class_id,name,type) VALUES (15,1,'assignment_15',2);
INSERT INTO assignments (id,class_id,name,type) VALUES (16,101,'assignment_16',1);
INSERT INTO assignments (id,class_id,name,type) VALUES (17,101,'assignment_17',1);
INSERT INTO assignments (id,class_id,name,type) VALUES (18,101,'assignment_18',1);
INSERT INTO assignments (id,class_id,name,type) VALUES (19,101,'assignment_19',1);
INSERT INTO assignments (id,class_id,name,type) VALUES (20,101,'assignment_20',1);
INSERT INTO assignments (id,class_id,name,type) VALUES (21,101,'assignment_21',1);
INSERT INTO assignments (id,class_id,name,type) VALUES (22,101,'assignment_22',1);
INSERT INTO assignments (id,class_id,name,type) VALUES (23,101,'assignment_23',1);
INSERT INTO assignments (id,class_id,name,type) VALUES (24,101,'assignment_24',1);
INSERT INTO assignments (id,class_id,name,type) VALUES (25,101,'assignment_25',1);
INSERT INTO assignments (id,class_id,name,type) VALUES (26,101,'assignment_26',1);
INSERT INTO assignments (id,class_id,name,type) VALUES (27,101,'assignment_27',1);
INSERT INTO assignments (id,class_id,name,type) VALUES (28,101,'assignment_28',2);
INSERT INTO assignments (id,class_id,name,type) VALUES (29,101,'assignment_29',2);
INSERT INTO assignments (id,class_id,name,type) VALUES (30,101,'assignment_30',2);
INSERT INTO assignments (id,class_id,name,type) VALUES (31,3,'assignment_31',1);
INSERT INTO assignments (id,class_id,name,type) VALUES (32,3,'assignment_32',1);
INSERT INTO assignments (id,class_id,name,type) VALUES (33,3,'assignment_33',1);
INSERT INTO assignments (id,class_id,name,type) VALUES (34,3,'assignment_34',1);
INSERT INTO assignments (id,class_id,name,type) VALUES (35,3,'assignment_35',1);
INSERT INTO assignments (id,class_id,name,type) VALUES (36,3,'assignment_36',1);
INSERT INTO assignments (id,class_id,name,type) VALUES (37,3,'assignment_37',1);
INSERT INTO assignments (id,class_id,name,type) VALUES (38,3,'assignment_38',1);
INSERT INTO assignments (id,class_id,name,type) VALUES (39,3,'assignment_39',1);
INSERT INTO assignments (id,class_id,name,type) VALUES (40,3,'assignment_40',1);
INSERT INTO assignments (id,class_id,name,type) VALUES (41,3,'assignment_41',1);
INSERT INTO assignments (id,class_id,name,type) VALUES (42,3,'assignment_42',1);
INSERT INTO assignments (id,class_id,name,type) VALUES (43,3,'assignment_43',2);
INSERT INTO assignments (id,class_id,name,type) VALUES (44,3,'assignment_44',2);
INSERT INTO assignments (id,class_id,name,type) VALUES (45,3,'assignment_45',2);
INSERT INTO assignments (id,class_id,name,type) VALUES (46,103,'assignment_46',1);
INSERT INTO assignments (id,class_id,name,type) VALUES (47,103,'assignment_47',1);
INSERT INTO assignments (id,class_id,name,type) VALUES (48,103,'assignment_48',1);
INSERT INTO assignments (id,class_id,name,type) VALUES (49,103,'assignment_49',1);
INSERT INTO assignments (id,class_id,name,type) VALUES (50,103,'assignment_50',1);
INSERT INTO assignments (id,class_id,name,type) VALUES (51,103,'assignment_51',1);
INSERT INTO assignments (id,class_id,name,type) VALUES (52,103,'assignment_52',1);
INSERT INTO assignments (id,class_id,name,type) VALUES (53,103,'assignment_53',1);
INSERT INTO assignments (id,class_id,name,type) VALUES (54,103,'assignment_54',1);
INSERT INTO assignments (id,class_id,name,type) VALUES (55,103,'assignment_55',1);
INSERT INTO assignments (id,class_id,name,type) VALUES (56,103,'assignment_56',1);
INSERT INTO assignments (id,class_id,name,type) VALUES (57,103,'assignment_57',1);
INSERT INTO assignments (id,class_id,name,type) VALUES (58,103,'assignment_58',2);
INSERT INTO assignments (id,class_id,name,type) VALUES (59,103,'assignment_59',2);
INSERT INTO assignments (id,class_id,name,type) VALUES (60,103,'assignment_60',2);
INSERT INTO assignments (id,class_id,name,type) VALUES (61,104,'assignment_61',1);
INSERT INTO assignments (id,class_id,name,type) VALUES (62,104,'assignment_62',1);
INSERT INTO assignments (id,class_id,name,type) VALUES (63,104,'assignment_63',1);
INSERT INTO assignments (id,class_id,name,type) VALUES (64,104,'assignment_64',1);
INSERT INTO assignments (id,class_id,name,type) VALUES (65,104,'assignment_65',1);
INSERT INTO assignments (id,class_id,name,type) VALUES (66,104,'assignment_66',1);
INSERT INTO assignments (id,class_id,name,type) VALUES (67,104,'assignment_67',1);
INSERT INTO assignments (id,class_id,name,type) VALUES (68,104,'assignment_68',1);
INSERT INTO assignments (id,class_id,name,type) VALUES (69,104,'assignment_69',1);
INSERT INTO assignments (id,class_id,name,type) VALUES (70,104,'assignment_70',1);
INSERT INTO assignments (id,class_id,name,type) VALUES (71,104,'assignment_71',1);
INSERT INTO assignments (id,class_id,name,type) VALUES (72,104,'assignment_72',1);
INSERT INTO assignments (id,class_id,name,type) VALUES (73,104,'assignment_73',2);
INSERT INTO assignments (id,class_id,name,type) VALUES (74,104,'assignment_74',2);
INSERT INTO assignments (id,class_id,name,type) VALUES (75,104,'assignment_75',2);
INSERT INTO assignments (id,class_id,name,type) VALUES (76,105,'assignment_76',1);
INSERT INTO assignments (id,class_id,name,type) VALUES (77,105,'assignment_77',1);
INSERT INTO assignments (id,class_id,name,type) VALUES (78,105,'assignment_78',1);
INSERT INTO assignments (id,class_id,name,type) VALUES (79,105,'assignment_79',1);
INSERT INTO assignments (id,class_id,name,type) VALUES (80,105,'assignment_80',1);
INSERT INTO assignments (id,class_id,name,type) VALUES (81,105,'assignment_81',1);
INSERT INTO assignments (id,class_id,name,type) VALUES (82,105,'assignment_82',1);
INSERT INTO assignments (id,class_id,name,type) VALUES (83,105,'assignment_83',1);
INSERT INTO assignments (id,class_id,name,type) VALUES (84,105,'assignment_84',1);
INSERT INTO assignments (id,class_id,name,type) VALUES (85,105,'assignment_85',1);
INSERT INTO assignments (id,class_id,name,type) VALUES (86,105,'assignment_86',1);
INSERT INTO assignments (id,class_id,name,type) VALUES (87,105,'assignment_87',1);
INSERT INTO assignments (id,class_id,name,type) VALUES (88,105,'assignment_88',2);
INSERT INTO assignments (id,class_id,name,type) VALUES (89,105,'assignment_89',2);
INSERT INTO assignments (id,class_id,name,type) VALUES (90,105,'assignment_90',2);
INSERT INTO assignments (id,class_id,name,type) VALUES (91,7,'assignment_91',1);
INSERT INTO assignments (id,class_id,name,type) VALUES (92,7,'assignment_92',1);
INSERT INTO assignments (id,class_id,name,type) VALUES (93,7,'assignment_93',1);
INSERT INTO assignments (id,class_id,name,type) VALUES (94,7,'assignment_94',1);
INSERT INTO assignments (id,class_id,name,type) VALUES (95,7,'assignment_95',1);
INSERT INTO assignments (id,class_id,name,type) VALUES (96,7,'assignment_96',1);
INSERT INTO assignments (id,class_id,name,type) VALUES (97,7,'assignment_97',1);
INSERT INTO assignments (id,class_id,name,type) VALUES (98,7,'assignment_98',1);
INSERT INTO assignments (id,class_id,name,type) VALUES (99,7,'assignment_99',1);
INSERT INTO assignments (id,class_id,name,type) VALUES (100,7,'assignment_100',1);
INSERT INTO assignments (id,class_id,name,type) VALUES (101,7,'assignment_101',1);
INSERT INTO assignments (id,class_id,name,type) VALUES (102,7,'assignment_102',1);
INSERT INTO assignments (id,class_id,name,type) VALUES (103,7,'assignment_103',2);
INSERT INTO assignments (id,class_id,name,type) VALUES (104,7,'assignment_104',2);
INSERT INTO assignments (id,class_id,name,type) VALUES (105,7,'assignment_105',2);
INSERT INTO assignments (id,class_id,name,type) VALUES (106,8,'assignment_106',1);
INSERT INTO assignments (id,class_id,name,type) VALUES (107,8,'assignment_107',1);
INSERT INTO assignments (id,class_id,name,type) VALUES (108,8,'assignment_108',1);
INSERT INTO assignments (id,class_id,name,type) VALUES (109,8,'assignment_109',1);
INSERT INTO assignments (id,class_id,name,type) VALUES (110,8,'assignment_110',1);
INSERT INTO assignments (id,class_id,name,type) VALUES (111,8,'assignment_111',1);
INSERT INTO assignments (id,class_id,name,type) VALUES (112,8,'assignment_112',1);
INSERT INTO assignments (id,class_id,name,type) VALUES (113,8,'assignment_113',1);
INSERT INTO assignments (id,class_id,name,type) VALUES (114,8,'assignment_114',1);
INSERT INTO assignments (id,class_id,name,type) VALUES (115,8,'assignment_115',1);
INSERT INTO assignments (id,class_id,name,type) VALUES (116,8,'assignment_116',1);
INSERT INTO assignments (id,class_id,name,type) VALUES (117,8,'assignment_117',1);
INSERT INTO assignments (id,class_id,name,type) VALUES (118,8,'assignment_118',2);
INSERT INTO assignments (id,class_id,name,type) VALUES (119,8,'assignment_119',2);
INSERT INTO assignments (id,class_id,name,type) VALUES (120,8,'assignment_120',2);
INSERT INTO assignments (id,class_id,name,type) VALUES (121,9,'assignment_121',1);
INSERT INTO assignments (id,class_id,name,type) VALUES (122,9,'assignment_122',1);
INSERT INTO assignments (id,class_id,name,type) VALUES (123,9,'assignment_123',1);
INSERT INTO assignments (id,class_id,name,type) VALUES (124,9,'assignment_124',1);
INSERT INTO assignments (id,class_id,name,type) VALUES (125,9,'assignment_125',1);
INSERT INTO assignments (id,class_id,name,type) VALUES (126,9,'assignment_126',1);
INSERT INTO assignments (id,class_id,name,type) VALUES (127,9,'assignment_127',1);
INSERT INTO assignments (id,class_id,name,type) VALUES (128,9,'assignment_128',1);
INSERT INTO assignments (id,class_id,name,type) VALUES (129,9,'assignment_129',1);
INSERT INTO assignments (id,class_id,name,type) VALUES (130,9,'assignment_130',1);
INSERT INTO assignments (id,class_id,name,type) VALUES (131,9,'assignment_131',1);
INSERT INTO assignments (id,class_id,name,type) VALUES (132,9,'assignment_132',1);
INSERT INTO assignments (id,class_id,name,type) VALUES (133,9,'assignment_133',2);
INSERT INTO assignments (id,class_id,name,type) VALUES (134,9,'assignment_134',2);
INSERT INTO assignments (id,class_id,name,type) VALUES (135,9,'assignment_135',2);
INSERT INTO assignments (id,class_id,name,type) VALUES (136,10,'assignment_136',1);
INSERT INTO assignments (id,class_id,name,type) VALUES (137,10,'assignment_137',1);
INSERT INTO assignments (id,class_id,name,type) VALUES (138,10,'assignment_138',1);
INSERT INTO assignments (id,class_id,name,type) VALUES (139,10,'assignment_139',1);
INSERT INTO assignments (id,class_id,name,type) VALUES (140,10,'assignment_140',1);
INSERT INTO assignments (id,class_id,name,type) VALUES (141,10,'assignment_141',1);
INSERT INTO assignments (id,class_id,name,type) VALUES (142,10,'assignment_142',1);
INSERT INTO assignments (id,class_id,name,type) VALUES (143,10,'assignment_143',1);
INSERT INTO assignments (id,class_id,name,type) VALUES (144,10,'assignment_144',1);
INSERT INTO assignments (id,class_id,name,type) VALUES (145,10,'assignment_145',1);
INSERT INTO assignments (id,class_id,name,type) VALUES (146,10,'assignment_146',1);
INSERT INTO assignments (id,class_id,name,type) VALUES (147,10,'assignment_147',1);
INSERT INTO assignments (id,class_id,name,type) VALUES (148,10,'assignment_148',2);
INSERT INTO assignments (id,class_id,name,type) VALUES (149,10,'assignment_149',2);
INSERT INTO assignments (id,class_id,name,type) VALUES (150,10,'assignment_150',2);
INSERT INTO assignments (id,class_id,name,type) VALUES (151,110,'assignment_151',1);
INSERT INTO assignments (id,class_id,name,type) VALUES (152,110,'assignment_152',1);
INSERT INTO assignments (id,class_id,name,type) VALUES (153,110,'assignment_153',1);
INSERT INTO assignments (id,class_id,name,type) VALUES (154,110,'assignment_154',1);
INSERT INTO assignments (id,class_id,name,type) VALUES (155,110,'assignment_155',1);
INSERT INTO assignments (id,class_id,name,type) VALUES (156,110,'assignment_156',1);
INSERT INTO assignments (id,class_id,name,type) VALUES (157,110,'assignment_157',1);
INSERT INTO assignments (id,class_id,name,type) VALUES (158,110,'assignment_158',1);
INSERT INTO assignments (id,class_id,name,type) VALUES (159,110,'assignment_159',1);
INSERT INTO assignments (id,class_id,name,type) VALUES (160,110,'assignment_160',1);
INSERT INTO assignments (id,class_id,name,type) VALUES (161,110,'assignment_161',1);
INSERT INTO assignments (id,class_id,name,type) VALUES (162,110,'assignment_162',1);
INSERT INTO assignments (id,class_id,name,type) VALUES (163,110,'assignment_163',2);
INSERT INTO assignments (id,class_id,name,type) VALUES (164,110,'assignment_164',2);
INSERT INTO assignments (id,class_id,name,type) VALUES (165,110,'assignment_165',2);
INSERT INTO assignments (id,class_id,name,type) VALUES (166,111,'assignment_166',1);
INSERT INTO assignments (id,class_id,name,type) VALUES (167,111,'assignment_167',1);
INSERT INTO assignments (id,class_id,name,type) VALUES (168,111,'assignment_168',1);
INSERT INTO assignments (id,class_id,name,type) VALUES (169,111,'assignment_169',1);
INSERT INTO assignments (id,class_id,name,type) VALUES (170,111,'assignment_170',1);
INSERT INTO assignments (id,class_id,name,type) VALUES (171,111,'assignment_171',1);
INSERT INTO assignments (id,class_id,name,type) VALUES (172,111,'assignment_172',1);
INSERT INTO assignments (id,class_id,name,type) VALUES (173,111,'assignment_173',1);
INSERT INTO assignments (id,class_id,name,type) VALUES (174,111,'assignment_174',1);
INSERT INTO assignments (id,class_id,name,type) VALUES (175,111,'assignment_175',1);
INSERT INTO assignments (id,class_id,name,type) VALUES (176,111,'assignment_176',1);
INSERT INTO assignments (id,class_id,name,type) VALUES (177,111,'assignment_177',1);
INSERT INTO assignments (id,class_id,name,type) VALUES (178,111,'assignment_178',2);
INSERT INTO assignments (id,class_id,name,type) VALUES (179,111,'assignment_179',2);
INSERT INTO assignments (id,class_id,name,type) VALUES (180,111,'assignment_180',2);
INSERT INTO assignments (id,class_id,name,type) VALUES (181,13,'assignment_181',1);
INSERT INTO assignments (id,class_id,name,type) VALUES (182,13,'assignment_182',1);
INSERT INTO assignments (id,class_id,name,type) VALUES (183,13,'assignment_183',1);
INSERT INTO assignments (id,class_id,name,type) VALUES (184,13,'assignment_184',1);
INSERT INTO assignments (id,class_id,name,type) VALUES (185,13,'assignment_185',1);
INSERT INTO assignments (id,class_id,name,type) VALUES (186,13,'assignment_186',1);
INSERT INTO assignments (id,class_id,name,type) VALUES (187,13,'assignment_187',1);
INSERT INTO assignments (id,class_id,name,type) VALUES (188,13,'assignment_188',1);
INSERT INTO assignments (id,class_id,name,type) VALUES (189,13,'assignment_189',1);
INSERT INTO assignments (id,class_id,name,type) VALUES (190,13,'assignment_190',1);
INSERT INTO assignments (id,class_id,name,type) VALUES (191,13,'assignment_191',1);
INSERT INTO assignments (id,class_id,name,type) VALUES (192,13,'assignment_192',1);
INSERT INTO assignments (id,class_id,name,type) VALUES (193,13,'assignment_193',2);
INSERT INTO assignments (id,class_id,name,type) VALUES (194,13,'assignment_194',2);
INSERT INTO assignments (id,class_id,name,type) VALUES (195,13,'assignment_195',2);
INSERT INTO assignments (id,class_id,name,type) VALUES (196,113,'assignment_196',1);
INSERT INTO assignments (id,class_id,name,type) VALUES (197,113,'assignment_197',1);
INSERT INTO assignments (id,class_id,name,type) VALUES (198,113,'assignment_198',1);
INSERT INTO assignments (id,class_id,name,type) VALUES (199,113,'assignment_199',1);
INSERT INTO assignments (id,class_id,name,type) VALUES (200,113,'assignment_200',1);
INSERT INTO assignments (id,class_id,name,type) VALUES (201,113,'assignment_201',1);
INSERT INTO assignments (id,class_id,name,type) VALUES (202,113,'assignment_202',1);
INSERT INTO assignments (id,class_id,name,type) VALUES (203,113,'assignment_203',1);
INSERT INTO assignments (id,class_id,name,type) VALUES (204,113,'assignment_204',1);
INSERT INTO assignments (id,class_id,name,type) VALUES (205,113,'assignment_205',1);
INSERT INTO assignments (id,class_id,name,type) VALUES (206,113,'assignment_206',1);
INSERT INTO assignments (id,class_id,name,type) VALUES (207,113,'assignment_207',1);
INSERT INTO assignments (id,class_id,name,type) VALUES (208,113,'assignment_208',2);
INSERT INTO assignments (id,class_id,name,type) VALUES (209,113,'assignment_209',2);
INSERT INTO assignments (id,class_id,name,type) VALUES (210,113,'assignment_210',2);
INSERT INTO assignments (id,class_id,name,type) VALUES (211,114,'assignment_211',1);
INSERT INTO assignments (id,class_id,name,type) VALUES (212,114,'assignment_212',1);
INSERT INTO assignments (id,class_id,name,type) VALUES (213,114,'assignment_213',1);
INSERT INTO assignments (id,class_id,name,type) VALUES (214,114,'assignment_214',1);
INSERT INTO assignments (id,class_id,name,type) VALUES (215,114,'assignment_215',1);
INSERT INTO assignments (id,class_id,name,type) VALUES (216,114,'assignment_216',1);
INSERT INTO assignments (id,class_id,name,type) VALUES (217,114,'assignment_217',1);
INSERT INTO assignments (id,class_id,name,type) VALUES (218,114,'assignment_218',1);
INSERT INTO assignments (id,class_id,name,type) VALUES (219,114,'assignment_219',1);
INSERT INTO assignments (id,class_id,name,type) VALUES (220,114,'assignment_220',1);
INSERT INTO assignments (id,class_id,name,type) VALUES (221,114,'assignment_221',1);
INSERT INTO assignments (id,class_id,name,type) VALUES (222,114,'assignment_222',1);
INSERT INTO assignments (id,class_id,name,type) VALUES (223,114,'assignment_223',2);
INSERT INTO assignments (id,class_id,name,type) VALUES (224,114,'assignment_224',2);
INSERT INTO assignments (id,class_id,name,type) VALUES (225,114,'assignment_225',2);
INSERT INTO assignments (id,class_id,name,type) VALUES (226,16,'assignment_226',1);
INSERT INTO assignments (id,class_id,name,type) VALUES (227,16,'assignment_227',1);
INSERT INTO assignments (id,class_id,name,type) VALUES (228,16,'assignment_228',1);
INSERT INTO assignments (id,class_id,name,type) VALUES (229,16,'assignment_229',1);
INSERT INTO assignments (id,class_id,name,type) VALUES (230,16,'assignment_230',1);
INSERT INTO assignments (id,class_id,name,type) VALUES (231,16,'assignment_231',1);
INSERT INTO assignments (id,class_id,name,type) VALUES (232,16,'assignment_232',1);
INSERT INTO assignments (id,class_id,name,type) VALUES (233,16,'assignment_233',1);
INSERT INTO assignments (id,class_id,name,type) VALUES (234,16,'assignment_234',1);
INSERT INTO assignments (id,class_id,name,type) VALUES (235,16,'assignment_235',1);
INSERT INTO assignments (id,class_id,name,type) VALUES (236,16,'assignment_236',1);
INSERT INTO assignments (id,class_id,name,type) VALUES (237,16,'assignment_237',1);
INSERT INTO assignments (id,class_id,name,type) VALUES (238,16,'assignment_238',2);
INSERT INTO assignments (id,class_id,name,type) VALUES (239,16,'assignment_239',2);
INSERT INTO assignments (id,class_id,name,type) VALUES (240,16,'assignment_240',2);
INSERT INTO assignments (id,class_id,name,type) VALUES (241,116,'assignment_241',1);
INSERT INTO assignments (id,class_id,name,type) VALUES (242,116,'assignment_242',1);
INSERT INTO assignments (id,class_id,name,type) VALUES (243,116,'assignment_243',1);
INSERT INTO assignments (id,class_id,name,type) VALUES (244,116,'assignment_244',1);
INSERT INTO assignments (id,class_id,name,type) VALUES (245,116,'assignment_245',1);
INSERT INTO assignments (id,class_id,name,type) VALUES (246,116,'assignment_246',1);
INSERT INTO assignments (id,class_id,name,type) VALUES (247,116,'assignment_247',1);
INSERT INTO assignments (id,class_id,name,type) VALUES (248,116,'assignment_248',1);
INSERT INTO assignments (id,class_id,name,type) VALUES (249,116,'assignment_249',1);
INSERT INTO assignments (id,class_id,name,type) VALUES (250,116,'assignment_250',1);
INSERT INTO assignments (id,class_id,name,type) VALUES (251,116,'assignment_251',1);
INSERT INTO assignments (id,class_id,name,type) VALUES (252,116,'assignment_252',1);
INSERT INTO assignments (id,class_id,name,type) VALUES (253,116,'assignment_253',2);
INSERT INTO assignments (id,class_id,name,type) VALUES (254,116,'assignment_254',2);
INSERT INTO assignments (id,class_id,name,type) VALUES (255,116,'assignment_255',2);
INSERT INTO assignments (id,class_id,name,type) VALUES (256,18,'assignment_256',1);
INSERT INTO assignments (id,class_id,name,type) VALUES (257,18,'assignment_257',1);
INSERT INTO assignments (id,class_id,name,type) VALUES (258,18,'assignment_258',1);
INSERT INTO assignments (id,class_id,name,type) VALUES (259,18,'assignment_259',1);
INSERT INTO assignments (id,class_id,name,type) VALUES (260,18,'assignment_260',1);
INSERT INTO assignments (id,class_id,name,type) VALUES (261,18,'assignment_261',1);
INSERT INTO assignments (id,class_id,name,type) VALUES (262,18,'assignment_262',1);
INSERT INTO assignments (id,class_id,name,type) VALUES (263,18,'assignment_263',1);
INSERT INTO assignments (id,class_id,name,type) VALUES (264,18,'assignment_264',1);
INSERT INTO assignments (id,class_id,name,type) VALUES (265,18,'assignment_265',1);
INSERT INTO assignments (id,class_id,name,type) VALUES (266,18,'assignment_266',1);
INSERT INTO assignments (id,class_id,name,type) VALUES (267,18,'assignment_267',1);
INSERT INTO assignments (id,class_id,name,type) VALUES (268,18,'assignment_268',2);
INSERT INTO assignments (id,class_id,name,type) VALUES (269,18,'assignment_269',2);
INSERT INTO assignments (id,class_id,name,type) VALUES (270,18,'assignment_270',2);
INSERT INTO assignments (id,class_id,name,type) VALUES (271,19,'assignment_271',1);
INSERT INTO assignments (id,class_id,name,type) VALUES (272,19,'assignment_272',1);
INSERT INTO assignments (id,class_id,name,type) VALUES (273,19,'assignment_273',1);
INSERT INTO assignments (id,class_id,name,type) VALUES (274,19,'assignment_274',1);
INSERT INTO assignments (id,class_id,name,type) VALUES (275,19,'assignment_275',1);
INSERT INTO assignments (id,class_id,name,type) VALUES (276,19,'assignment_276',1);
INSERT INTO assignments (id,class_id,name,type) VALUES (277,19,'assignment_277',1);
INSERT INTO assignments (id,class_id,name,type) VALUES (278,19,'assignment_278',1);
INSERT INTO assignments (id,class_id,name,type) VALUES (279,19,'assignment_279',1);
INSERT INTO assignments (id,class_id,name,type) VALUES (280,19,'assignment_280',1);
INSERT INTO assignments (id,class_id,name,type) VALUES (281,19,'assignment_281',1);
INSERT INTO assignments (id,class_id,name,type) VALUES (282,19,'assignment_282',1);
INSERT INTO assignments (id,class_id,name,type) VALUES (283,19,'assignment_283',2);
INSERT INTO assignments (id,class_id,name,type) VALUES (284,19,'assignment_284',2);
INSERT INTO assignments (id,class_id,name,type) VALUES (285,19,'assignment_285',2);
INSERT INTO assignments (id,class_id,name,type) VALUES (286,119,'assignment_286',1);
INSERT INTO assignments (id,class_id,name,type) VALUES (287,119,'assignment_287',1);
INSERT INTO assignments (id,class_id,name,type) VALUES (288,119,'assignment_288',1);
INSERT INTO assignments (id,class_id,name,type) VALUES (289,119,'assignment_289',1);
INSERT INTO assignments (id,class_id,name,type) VALUES (290,119,'assignment_290',1);
INSERT INTO assignments (id,class_id,name,type) VALUES (291,119,'assignment_291',1);
INSERT INTO assignments (id,class_id,name,type) VALUES (292,119,'assignment_292',1);
INSERT INTO assignments (id,class_id,name,type) VALUES (293,119,'assignment_293',1);
INSERT INTO assignments (id,class_id,name,type) VALUES (294,119,'assignment_294',1);
INSERT INTO assignments (id,class_id,name,type) VALUES (295,119,'assignment_295',1);
INSERT INTO assignments (id,class_id,name,type) VALUES (296,119,'assignment_296',1);
INSERT INTO assignments (id,class_id,name,type) VALUES (297,119,'assignment_297',1);
INSERT INTO assignments (id,class_id,name,type) VALUES (298,119,'assignment_298',2);
INSERT INTO assignments (id,class_id,name,type) VALUES (299,119,'assignment_299',2);
INSERT INTO assignments (id,class_id,name,type) VALUES (300,119,'assignment_300',2);
INSERT INTO assignments (id,class_id,name,type) VALUES (301,21,'assignment_301',1);
INSERT INTO assignments (id,class_id,name,type) VALUES (302,21,'assignment_302',1);
INSERT INTO assignments (id,class_id,name,type) VALUES (303,21,'assignment_303',1);
INSERT INTO assignments (id,class_id,name,type) VALUES (304,21,'assignment_304',1);
INSERT INTO assignments (id,class_id,name,type) VALUES (305,21,'assignment_305',1);
INSERT INTO assignments (id,class_id,name,type) VALUES (306,21,'assignment_306',1);
INSERT INTO assignments (id,class_id,name,type) VALUES (307,21,'assignment_307',1);
INSERT INTO assignments (id,class_id,name,type) VALUES (308,21,'assignment_308',1);
INSERT INTO assignments (id,class_id,name,type) VALUES (309,21,'assignment_309',1);
INSERT INTO assignments (id,class_id,name,type) VALUES (310,21,'assignment_310',1);
INSERT INTO assignments (id,class_id,name,type) VALUES (311,21,'assignment_311',1);
INSERT INTO assignments (id,class_id,name,type) VALUES (312,21,'assignment_312',1);
INSERT INTO assignments (id,class_id,name,type) VALUES (313,21,'assignment_313',2);
INSERT INTO assignments (id,class_id,name,type) VALUES (314,21,'assignment_314',2);
INSERT INTO assignments (id,class_id,name,type) VALUES (315,21,'assignment_315',2);
INSERT INTO assignments (id,class_id,name,type) VALUES (316,121,'assignment_316',1);
INSERT INTO assignments (id,class_id,name,type) VALUES (317,121,'assignment_317',1);
INSERT INTO assignments (id,class_id,name,type) VALUES (318,121,'assignment_318',1);
INSERT INTO assignments (id,class_id,name,type) VALUES (319,121,'assignment_319',1);
INSERT INTO assignments (id,class_id,name,type) VALUES (320,121,'assignment_320',1);
INSERT INTO assignments (id,class_id,name,type) VALUES (321,121,'assignment_321',1);
INSERT INTO assignments (id,class_id,name,type) VALUES (322,121,'assignment_322',1);
INSERT INTO assignments (id,class_id,name,type) VALUES (323,121,'assignment_323',1);
INSERT INTO assignments (id,class_id,name,type) VALUES (324,121,'assignment_324',1);
INSERT INTO assignments (id,class_id,name,type) VALUES (325,121,'assignment_325',1);
INSERT INTO assignments (id,class_id,name,type) VALUES (326,121,'assignment_326',1);
INSERT INTO assignments (id,class_id,name,type) VALUES (327,121,'assignment_327',1);
INSERT INTO assignments (id,class_id,name,type) VALUES (328,121,'assignment_328',2);
INSERT INTO assignments (id,class_id,name,type) VALUES (329,121,'assignment_329',2);
INSERT INTO assignments (id,class_id,name,type) VALUES (330,121,'assignment_330',2);
INSERT INTO assignments (id,class_id,name,type) VALUES (331,122,'assignment_331',1);
INSERT INTO assignments (id,class_id,name,type) VALUES (332,122,'assignment_332',1);
INSERT INTO assignments (id,class_id,name,type) VALUES (333,122,'assignment_333',1);
INSERT INTO assignments (id,class_id,name,type) VALUES (334,122,'assignment_334',1);
INSERT INTO assignments (id,class_id,name,type) VALUES (335,122,'assignment_335',1);
INSERT INTO assignments (id,class_id,name,type) VALUES (336,122,'assignment_336',1);
INSERT INTO assignments (id,class_id,name,type) VALUES (337,122,'assignment_337',1);
INSERT INTO assignments (id,class_id,name,type) VALUES (338,122,'assignment_338',1);
INSERT INTO assignments (id,class_id,name,type) VALUES (339,122,'assignment_339',1);
INSERT INTO assignments (id,class_id,name,type) VALUES (340,122,'assignment_340',1);
INSERT INTO assignments (id,class_id,name,type) VALUES (341,122,'assignment_341',1);
INSERT INTO assignments (id,class_id,name,type) VALUES (342,122,'assignment_342',1);
INSERT INTO assignments (id,class_id,name,type) VALUES (343,122,'assignment_343',2);
INSERT INTO assignments (id,class_id,name,type) VALUES (344,122,'assignment_344',2);
INSERT INTO assignments (id,class_id,name,type) VALUES (345,122,'assignment_345',2);
INSERT INTO assignments (id,class_id,name,type) VALUES (346,123,'assignment_346',1);
INSERT INTO assignments (id,class_id,name,type) VALUES (347,123,'assignment_347',1);
INSERT INTO assignments (id,class_id,name,type) VALUES (348,123,'assignment_348',1);
INSERT INTO assignments (id,class_id,name,type) VALUES (349,123,'assignment_349',1);
INSERT INTO assignments (id,class_id,name,type) VALUES (350,123,'assignment_350',1);
INSERT INTO assignments (id,class_id,name,type) VALUES (351,123,'assignment_351',1);
INSERT INTO assignments (id,class_id,name,type) VALUES (352,123,'assignment_352',1);
INSERT INTO assignments (id,class_id,name,type) VALUES (353,123,'assignment_353',1);
INSERT INTO assignments (id,class_id,name,type) VALUES (354,123,'assignment_354',1);
INSERT INTO assignments (id,class_id,name,type) VALUES (355,123,'assignment_355',1);
INSERT INTO assignments (id,class_id,name,type) VALUES (356,123,'assignment_356',1);
INSERT INTO assignments (id,class_id,name,type) VALUES (357,123,'assignment_357',1);
INSERT INTO assignments (id,class_id,name,type) VALUES (358,123,'assignment_358',2);
INSERT INTO assignments (id,class_id,name,type) VALUES (359,123,'assignment_359',2);
INSERT INTO assignments (id,class_id,name,type) VALUES (360,123,'assignment_360',2);
INSERT INTO assignments (id,class_id,name,type) VALUES (361,25,'assignment_361',1);
INSERT INTO assignments (id,class_id,name,type) VALUES (362,25,'assignment_362',1);
INSERT INTO assignments (id,class_id,name,type) VALUES (363,25,'assignment_363',1);
INSERT INTO assignments (id,class_id,name,type) VALUES (364,25,'assignment_364',1);
INSERT INTO assignments (id,class_id,name,type) VALUES (365,25,'assignment_365',1);
INSERT INTO assignments (id,class_id,name,type) VALUES (366,25,'assignment_366',1);
INSERT INTO assignments (id,class_id,name,type) VALUES (367,25,'assignment_367',1);
INSERT INTO assignments (id,class_id,name,type) VALUES (368,25,'assignment_368',1);
INSERT INTO assignments (id,class_id,name,type) VALUES (369,25,'assignment_369',1);
INSERT INTO assignments (id,class_id,name,type) VALUES (370,25,'assignment_370',1);
INSERT INTO assignments (id,class_id,name,type) VALUES (371,25,'assignment_371',1);
INSERT INTO assignments (id,class_id,name,type) VALUES (372,25,'assignment_372',1);
INSERT INTO assignments (id,class_id,name,type) VALUES (373,25,'assignment_373',2);
INSERT INTO assignments (id,class_id,name,type) VALUES (374,25,'assignment_374',2);
INSERT INTO assignments (id,class_id,name,type) VALUES (375,25,'assignment_375',2);
INSERT INTO assignments (id,class_id,name,type) VALUES (376,125,'assignment_376',1);
INSERT INTO assignments (id,class_id,name,type) VALUES (377,125,'assignment_377',1);
INSERT INTO assignments (id,class_id,name,type) VALUES (378,125,'assignment_378',1);
INSERT INTO assignments (id,class_id,name,type) VALUES (379,125,'assignment_379',1);
INSERT INTO assignments (id,class_id,name,type) VALUES (380,125,'assignment_380',1);
INSERT INTO assignments (id,class_id,name,type) VALUES (381,125,'assignment_381',1);
INSERT INTO assignments (id,class_id,name,type) VALUES (382,125,'assignment_382',1);
INSERT INTO assignments (id,class_id,name,type) VALUES (383,125,'assignment_383',1);
INSERT INTO assignments (id,class_id,name,type) VALUES (384,125,'assignment_384',1);
INSERT INTO assignments (id,class_id,name,type) VALUES (385,125,'assignment_385',1);
INSERT INTO assignments (id,class_id,name,type) VALUES (386,125,'assignment_386',1);
INSERT INTO assignments (id,class_id,name,type) VALUES (387,125,'assignment_387',1);
INSERT INTO assignments (id,class_id,name,type) VALUES (388,125,'assignment_388',2);
INSERT INTO assignments (id,class_id,name,type) VALUES (389,125,'assignment_389',2);
INSERT INTO assignments (id,class_id,name,type) VALUES (390,125,'assignment_390',2);
INSERT INTO assignments (id,class_id,name,type) VALUES (391,27,'assignment_391',1);
INSERT INTO assignments (id,class_id,name,type) VALUES (392,27,'assignment_392',1);
INSERT INTO assignments (id,class_id,name,type) VALUES (393,27,'assignment_393',1);
INSERT INTO assignments (id,class_id,name,type) VALUES (394,27,'assignment_394',1);
INSERT INTO assignments (id,class_id,name,type) VALUES (395,27,'assignment_395',1);
INSERT INTO assignments (id,class_id,name,type) VALUES (396,27,'assignment_396',1);
INSERT INTO assignments (id,class_id,name,type) VALUES (397,27,'assignment_397',1);
INSERT INTO assignments (id,class_id,name,type) VALUES (398,27,'assignment_398',1);
INSERT INTO assignments (id,class_id,name,type) VALUES (399,27,'assignment_399',1);
INSERT INTO assignments (id,class_id,name,type) VALUES (400,27,'assignment_400',1);
INSERT INTO assignments (id,class_id,name,type) VALUES (401,27,'assignment_401',1);
INSERT INTO assignments (id,class_id,name,type) VALUES (402,27,'assignment_402',1);
INSERT INTO assignments (id,class_id,name,type) VALUES (403,27,'assignment_403',2);
INSERT INTO assignments (id,class_id,name,type) VALUES (404,27,'assignment_404',2);
INSERT INTO assignments (id,class_id,name,type) VALUES (405,27,'assignment_405',2);
INSERT INTO assignments (id,class_id,name,type) VALUES (406,28,'assignment_406',1);
INSERT INTO assignments (id,class_id,name,type) VALUES (407,28,'assignment_407',1);
INSERT INTO assignments (id,class_id,name,type) VALUES (408,28,'assignment_408',1);
INSERT INTO assignments (id,class_id,name,type) VALUES (409,28,'assignment_409',1);
INSERT INTO assignments (id,class_id,name,type) VALUES (410,28,'assignment_410',1);
INSERT INTO assignments (id,class_id,name,type) VALUES (411,28,'assignment_411',1);
INSERT INTO assignments (id,class_id,name,type) VALUES (412,28,'assignment_412',1);
INSERT INTO assignments (id,class_id,name,type) VALUES (413,28,'assignment_413',1);
INSERT INTO assignments (id,class_id,name,type) VALUES (414,28,'assignment_414',1);
INSERT INTO assignments (id,class_id,name,type) VALUES (415,28,'assignment_415',1);
INSERT INTO assignments (id,class_id,name,type) VALUES (416,28,'assignment_416',1);
INSERT INTO assignments (id,class_id,name,type) VALUES (417,28,'assignment_417',1);
INSERT INTO assignments (id,class_id,name,type) VALUES (418,28,'assignment_418',2);
INSERT INTO assignments (id,class_id,name,type) VALUES (419,28,'assignment_419',2);
INSERT INTO assignments (id,class_id,name,type) VALUES (420,28,'assignment_420',2);
INSERT INTO assignments (id,class_id,name,type) VALUES (421,29,'assignment_421',1);
INSERT INTO assignments (id,class_id,name,type) VALUES (422,29,'assignment_422',1);
INSERT INTO assignments (id,class_id,name,type) VALUES (423,29,'assignment_423',1);
INSERT INTO assignments (id,class_id,name,type) VALUES (424,29,'assignment_424',1);
INSERT INTO assignments (id,class_id,name,type) VALUES (425,29,'assignment_425',1);
INSERT INTO assignments (id,class_id,name,type) VALUES (426,29,'assignment_426',1);
INSERT INTO assignments (id,class_id,name,type) VALUES (427,29,'assignment_427',1);
INSERT INTO assignments (id,class_id,name,type) VALUES (428,29,'assignment_428',1);
INSERT INTO assignments (id,class_id,name,type) VALUES (429,29,'assignment_429',1);
INSERT INTO assignments (id,class_id,name,type) VALUES (430,29,'assignment_430',1);
INSERT INTO assignments (id,class_id,name,type) VALUES (431,29,'assignment_431',1);
INSERT INTO assignments (id,class_id,name,type) VALUES (432,29,'assignment_432',1);
INSERT INTO assignments (id,class_id,name,type) VALUES (433,29,'assignment_433',2);
INSERT INTO assignments (id,class_id,name,type) VALUES (434,29,'assignment_434',2);
INSERT INTO assignments (id,class_id,name,type) VALUES (435,29,'assignment_435',2);
INSERT INTO assignments (id,class_id,name,type) VALUES (436,129,'assignment_436',1);
INSERT INTO assignments (id,class_id,name,type) VALUES (437,129,'assignment_437',1);
INSERT INTO assignments (id,class_id,name,type) VALUES (438,129,'assignment_438',1);
INSERT INTO assignments (id,class_id,name,type) VALUES (439,129,'assignment_439',1);
INSERT INTO assignments (id,class_id,name,type) VALUES (440,129,'assignment_440',1);
INSERT INTO assignments (id,class_id,name,type) VALUES (441,129,'assignment_441',1);
INSERT INTO assignments (id,class_id,name,type) VALUES (442,129,'assignment_442',1);
INSERT INTO assignments (id,class_id,name,type) VALUES (443,129,'assignment_443',1);
INSERT INTO assignments (id,class_id,name,type) VALUES (444,129,'assignment_444',1);
INSERT INTO assignments (id,class_id,name,type) VALUES (445,129,'assignment_445',1);
INSERT INTO assignments (id,class_id,name,type) VALUES (446,129,'assignment_446',1);
INSERT INTO assignments (id,class_id,name,type) VALUES (447,129,'assignment_447',1);
INSERT INTO assignments (id,class_id,name,type) VALUES (448,129,'assignment_448',2);
INSERT INTO assignments (id,class_id,name,type) VALUES (449,129,'assignment_449',2);
INSERT INTO assignments (id,class_id,name,type) VALUES (450,129,'assignment_450',2);
INSERT INTO assignments (id,class_id,name,type) VALUES (451,31,'assignment_451',1);
INSERT INTO assignments (id,class_id,name,type) VALUES (452,31,'assignment_452',1);
INSERT INTO assignments (id,class_id,name,type) VALUES (453,31,'assignment_453',1);
INSERT INTO assignments (id,class_id,name,type) VALUES (454,31,'assignment_454',1);
INSERT INTO assignments (id,class_id,name,type) VALUES (455,31,'assignment_455',1);
INSERT INTO assignments (id,class_id,name,type) VALUES (456,31,'assignment_456',1);
INSERT INTO assignments (id,class_id,name,type) VALUES (457,31,'assignment_457',1);
INSERT INTO assignments (id,class_id,name,type) VALUES (458,31,'assignment_458',1);
INSERT INTO assignments (id,class_id,name,type) VALUES (459,31,'assignment_459',1);
INSERT INTO assignments (id,class_id,name,type) VALUES (460,31,'assignment_460',1);
INSERT INTO assignments (id,class_id,name,type) VALUES (461,31,'assignment_461',1);
INSERT INTO assignments (id,class_id,name,type) VALUES (462,31,'assignment_462',1);
INSERT INTO assignments (id,class_id,name,type) VALUES (463,31,'assignment_463',2);
INSERT INTO assignments (id,class_id,name,type) VALUES (464,31,'assignment_464',2);
INSERT INTO assignments (id,class_id,name,type) VALUES (465,31,'assignment_465',2);
INSERT INTO assignments (id,class_id,name,type) VALUES (466,32,'assignment_466',1);
INSERT INTO assignments (id,class_id,name,type) VALUES (467,32,'assignment_467',1);
INSERT INTO assignments (id,class_id,name,type) VALUES (468,32,'assignment_468',1);
INSERT INTO assignments (id,class_id,name,type) VALUES (469,32,'assignment_469',1);
INSERT INTO assignments (id,class_id,name,type) VALUES (470,32,'assignment_470',1);
INSERT INTO assignments (id,class_id,name,type) VALUES (471,32,'assignment_471',1);
INSERT INTO assignments (id,class_id,name,type) VALUES (472,32,'assignment_472',1);
INSERT INTO assignments (id,class_id,name,type) VALUES (473,32,'assignment_473',1);
INSERT INTO assignments (id,class_id,name,type) VALUES (474,32,'assignment_474',1);
INSERT INTO assignments (id,class_id,name,type) VALUES (475,32,'assignment_475',1);
INSERT INTO assignments (id,class_id,name,type) VALUES (476,32,'assignment_476',1);
INSERT INTO assignments (id,class_id,name,type) VALUES (477,32,'assignment_477',1);
INSERT INTO assignments (id,class_id,name,type) VALUES (478,32,'assignment_478',2);
INSERT INTO assignments (id,class_id,name,type) VALUES (479,32,'assignment_479',2);
INSERT INTO assignments (id,class_id,name,type) VALUES (480,32,'assignment_480',2);
INSERT INTO assignments (id,class_id,name,type) VALUES (481,33,'assignment_481',1);
INSERT INTO assignments (id,class_id,name,type) VALUES (482,33,'assignment_482',1);
INSERT INTO assignments (id,class_id,name,type) VALUES (483,33,'assignment_483',1);
INSERT INTO assignments (id,class_id,name,type) VALUES (484,33,'assignment_484',1);
INSERT INTO assignments (id,class_id,name,type) VALUES (485,33,'assignment_485',1);
INSERT INTO assignments (id,class_id,name,type) VALUES (486,33,'assignment_486',1);
INSERT INTO assignments (id,class_id,name,type) VALUES (487,33,'assignment_487',1);
INSERT INTO assignments (id,class_id,name,type) VALUES (488,33,'assignment_488',1);
INSERT INTO assignments (id,class_id,name,type) VALUES (489,33,'assignment_489',1);
INSERT INTO assignments (id,class_id,name,type) VALUES (490,33,'assignment_490',1);
INSERT INTO assignments (id,class_id,name,type) VALUES (491,33,'assignment_491',1);
INSERT INTO assignments (id,class_id,name,type) VALUES (492,33,'assignment_492',1);
INSERT INTO assignments (id,class_id,name,type) VALUES (493,33,'assignment_493',2);
INSERT INTO assignments (id,class_id,name,type) VALUES (494,33,'assignment_494',2);
INSERT INTO assignments (id,class_id,name,type) VALUES (495,33,'assignment_495',2);
INSERT INTO assignments (id,class_id,name,type) VALUES (496,34,'assignment_496',1);
INSERT INTO assignments (id,class_id,name,type) VALUES (497,34,'assignment_497',1);
INSERT INTO assignments (id,class_id,name,type) VALUES (498,34,'assignment_498',1);
INSERT INTO assignments (id,class_id,name,type) VALUES (499,34,'assignment_499',1);
INSERT INTO assignments (id,class_id,name,type) VALUES (500,34,'assignment_500',1);
INSERT INTO assignments (id,class_id,name,type) VALUES (501,34,'assignment_501',1);
INSERT INTO assignments (id,class_id,name,type) VALUES (502,34,'assignment_502',1);
INSERT INTO assignments (id,class_id,name,type) VALUES (503,34,'assignment_503',1);
INSERT INTO assignments (id,class_id,name,type) VALUES (504,34,'assignment_504',1);
INSERT INTO assignments (id,class_id,name,type) VALUES (505,34,'assignment_505',1);
INSERT INTO assignments (id,class_id,name,type) VALUES (506,34,'assignment_506',1);
INSERT INTO assignments (id,class_id,name,type) VALUES (507,34,'assignment_507',1);
INSERT INTO assignments (id,class_id,name,type) VALUES (508,34,'assignment_508',2);
INSERT INTO assignments (id,class_id,name,type) VALUES (509,34,'assignment_509',2);
INSERT INTO assignments (id,class_id,name,type) VALUES (510,34,'assignment_510',2);
INSERT INTO assignments (id,class_id,name,type) VALUES (511,35,'assignment_511',1);
INSERT INTO assignments (id,class_id,name,type) VALUES (512,35,'assignment_512',1);
INSERT INTO assignments (id,class_id,name,type) VALUES (513,35,'assignment_513',1);
INSERT INTO assignments (id,class_id,name,type) VALUES (514,35,'assignment_514',1);
INSERT INTO assignments (id,class_id,name,type) VALUES (515,35,'assignment_515',1);
INSERT INTO assignments (id,class_id,name,type) VALUES (516,35,'assignment_516',1);
INSERT INTO assignments (id,class_id,name,type) VALUES (517,35,'assignment_517',1);
INSERT INTO assignments (id,class_id,name,type) VALUES (518,35,'assignment_518',1);
INSERT INTO assignments (id,class_id,name,type) VALUES (519,35,'assignment_519',1);
INSERT INTO assignments (id,class_id,name,type) VALUES (520,35,'assignment_520',1);
INSERT INTO assignments (id,class_id,name,type) VALUES (521,35,'assignment_521',1);
INSERT INTO assignments (id,class_id,name,type) VALUES (522,35,'assignment_522',1);
INSERT INTO assignments (id,class_id,name,type) VALUES (523,35,'assignment_523',2);
INSERT INTO assignments (id,class_id,name,type) VALUES (524,35,'assignment_524',2);
INSERT INTO assignments (id,class_id,name,type) VALUES (525,35,'assignment_525',2);
INSERT INTO assignments (id,class_id,name,type) VALUES (526,36,'assignment_526',1);
INSERT INTO assignments (id,class_id,name,type) VALUES (527,36,'assignment_527',1);
INSERT INTO assignments (id,class_id,name,type) VALUES (528,36,'assignment_528',1);
INSERT INTO assignments (id,class_id,name,type) VALUES (529,36,'assignment_529',1);
INSERT INTO assignments (id,class_id,name,type) VALUES (530,36,'assignment_530',1);
INSERT INTO assignments (id,class_id,name,type) VALUES (531,36,'assignment_531',1);
INSERT INTO assignments (id,class_id,name,type) VALUES (532,36,'assignment_532',1);
INSERT INTO assignments (id,class_id,name,type) VALUES (533,36,'assignment_533',1);
INSERT INTO assignments (id,class_id,name,type) VALUES (534,36,'assignment_534',1);
INSERT INTO assignments (id,class_id,name,type) VALUES (535,36,'assignment_535',1);
INSERT INTO assignments (id,class_id,name,type) VALUES (536,36,'assignment_536',1);
INSERT INTO assignments (id,class_id,name,type) VALUES (537,36,'assignment_537',1);
INSERT INTO assignments (id,class_id,name,type) VALUES (538,36,'assignment_538',2);
INSERT INTO assignments (id,class_id,name,type) VALUES (539,36,'assignment_539',2);
INSERT INTO assignments (id,class_id,name,type) VALUES (540,36,'assignment_540',2);
INSERT INTO assignments (id,class_id,name,type) VALUES (541,37,'assignment_541',1);
INSERT INTO assignments (id,class_id,name,type) VALUES (542,37,'assignment_542',1);
INSERT INTO assignments (id,class_id,name,type) VALUES (543,37,'assignment_543',1);
INSERT INTO assignments (id,class_id,name,type) VALUES (544,37,'assignment_544',1);
INSERT INTO assignments (id,class_id,name,type) VALUES (545,37,'assignment_545',1);
INSERT INTO assignments (id,class_id,name,type) VALUES (546,37,'assignment_546',1);
INSERT INTO assignments (id,class_id,name,type) VALUES (547,37,'assignment_547',1);
INSERT INTO assignments (id,class_id,name,type) VALUES (548,37,'assignment_548',1);
INSERT INTO assignments (id,class_id,name,type) VALUES (549,37,'assignment_549',1);
INSERT INTO assignments (id,class_id,name,type) VALUES (550,37,'assignment_550',1);
INSERT INTO assignments (id,class_id,name,type) VALUES (551,37,'assignment_551',1);
INSERT INTO assignments (id,class_id,name,type) VALUES (552,37,'assignment_552',1);
INSERT INTO assignments (id,class_id,name,type) VALUES (553,37,'assignment_553',2);
INSERT INTO assignments (id,class_id,name,type) VALUES (554,37,'assignment_554',2);
INSERT INTO assignments (id,class_id,name,type) VALUES (555,37,'assignment_555',2);
INSERT INTO assignments (id,class_id,name,type) VALUES (556,38,'assignment_556',1);
INSERT INTO assignments (id,class_id,name,type) VALUES (557,38,'assignment_557',1);
INSERT INTO assignments (id,class_id,name,type) VALUES (558,38,'assignment_558',1);
INSERT INTO assignments (id,class_id,name,type) VALUES (559,38,'assignment_559',1);
INSERT INTO assignments (id,class_id,name,type) VALUES (560,38,'assignment_560',1);
INSERT INTO assignments (id,class_id,name,type) VALUES (561,38,'assignment_561',1);
INSERT INTO assignments (id,class_id,name,type) VALUES (562,38,'assignment_562',1);
INSERT INTO assignments (id,class_id,name,type) VALUES (563,38,'assignment_563',1);
INSERT INTO assignments (id,class_id,name,type) VALUES (564,38,'assignment_564',1);
INSERT INTO assignments (id,class_id,name,type) VALUES (565,38,'assignment_565',1);
INSERT INTO assignments (id,class_id,name,type) VALUES (566,38,'assignment_566',1);
INSERT INTO assignments (id,class_id,name,type) VALUES (567,38,'assignment_567',1);
INSERT INTO assignments (id,class_id,name,type) VALUES (568,38,'assignment_568',2);
INSERT INTO assignments (id,class_id,name,type) VALUES (569,38,'assignment_569',2);
INSERT INTO assignments (id,class_id,name,type) VALUES (570,38,'assignment_570',2);
INSERT INTO assignments (id,class_id,name,type) VALUES (571,39,'assignment_571',1);
INSERT INTO assignments (id,class_id,name,type) VALUES (572,39,'assignment_572',1);
INSERT INTO assignments (id,class_id,name,type) VALUES (573,39,'assignment_573',1);
INSERT INTO assignments (id,class_id,name,type) VALUES (574,39,'assignment_574',1);
INSERT INTO assignments (id,class_id,name,type) VALUES (575,39,'assignment_575',1);
INSERT INTO assignments (id,class_id,name,type) VALUES (576,39,'assignment_576',1);
INSERT INTO assignments (id,class_id,name,type) VALUES (577,39,'assignment_577',1);
INSERT INTO assignments (id,class_id,name,type) VALUES (578,39,'assignment_578',1);
INSERT INTO assignments (id,class_id,name,type) VALUES (579,39,'assignment_579',1);
INSERT INTO assignments (id,class_id,name,type) VALUES (580,39,'assignment_580',1);
INSERT INTO assignments (id,class_id,name,type) VALUES (581,39,'assignment_581',1);
INSERT INTO assignments (id,class_id,name,type) VALUES (582,39,'assignment_582',1);
INSERT INTO assignments (id,class_id,name,type) VALUES (583,39,'assignment_583',2);
INSERT INTO assignments (id,class_id,name,type) VALUES (584,39,'assignment_584',2);
INSERT INTO assignments (id,class_id,name,type) VALUES (585,39,'assignment_585',2);
INSERT INTO assignments (id,class_id,name,type) VALUES (586,40,'assignment_586',1);
INSERT INTO assignments (id,class_id,name,type) VALUES (587,40,'assignment_587',1);
INSERT INTO assignments (id,class_id,name,type) VALUES (588,40,'assignment_588',1);
INSERT INTO assignments (id,class_id,name,type) VALUES (589,40,'assignment_589',1);
INSERT INTO assignments (id,class_id,name,type) VALUES (590,40,'assignment_590',1);
INSERT INTO assignments (id,class_id,name,type) VALUES (591,40,'assignment_591',1);
INSERT INTO assignments (id,class_id,name,type) VALUES (592,40,'assignment_592',1);
INSERT INTO assignments (id,class_id,name,type) VALUES (593,40,'assignment_593',1);
INSERT INTO assignments (id,class_id,name,type) VALUES (594,40,'assignment_594',1);
INSERT INTO assignments (id,class_id,name,type) VALUES (595,40,'assignment_595',1);
INSERT INTO assignments (id,class_id,name,type) VALUES (596,40,'assignment_596',1);
INSERT INTO assignments (id,class_id,name,type) VALUES (597,40,'assignment_597',1);
INSERT INTO assignments (id,class_id,name,type) VALUES (598,40,'assignment_598',2);
INSERT INTO assignments (id,class_id,name,type) VALUES (599,40,'assignment_599',2);
INSERT INTO assignments (id,class_id,name,type) VALUES (600,40,'assignment_600',2);
INSERT INTO assignments (id,class_id,name,type) VALUES (601,41,'assignment_601',1);
INSERT INTO assignments (id,class_id,name,type) VALUES (602,41,'assignment_602',1);
INSERT INTO assignments (id,class_id,name,type) VALUES (603,41,'assignment_603',1);
INSERT INTO assignments (id,class_id,name,type) VALUES (604,41,'assignment_604',1);
INSERT INTO assignments (id,class_id,name,type) VALUES (605,41,'assignment_605',1);
INSERT INTO assignments (id,class_id,name,type) VALUES (606,41,'assignment_606',1);
INSERT INTO assignments (id,class_id,name,type) VALUES (607,41,'assignment_607',1);
INSERT INTO assignments (id,class_id,name,type) VALUES (608,41,'assignment_608',1);
INSERT INTO assignments (id,class_id,name,type) VALUES (609,41,'assignment_609',1);
INSERT INTO assignments (id,class_id,name,type) VALUES (610,41,'assignment_610',1);
INSERT INTO assignments (id,class_id,name,type) VALUES (611,41,'assignment_611',1);
INSERT INTO assignments (id,class_id,name,type) VALUES (612,41,'assignment_612',1);
INSERT INTO assignments (id,class_id,name,type) VALUES (613,41,'assignment_613',2);
INSERT INTO assignments (id,class_id,name,type) VALUES (614,41,'assignment_614',2);
INSERT INTO assignments (id,class_id,name,type) VALUES (615,41,'assignment_615',2);
INSERT INTO assignments (id,class_id,name,type) VALUES (616,42,'assignment_616',1);
INSERT INTO assignments (id,class_id,name,type) VALUES (617,42,'assignment_617',1);
INSERT INTO assignments (id,class_id,name,type) VALUES (618,42,'assignment_618',1);
INSERT INTO assignments (id,class_id,name,type) VALUES (619,42,'assignment_619',1);
INSERT INTO assignments (id,class_id,name,type) VALUES (620,42,'assignment_620',1);
INSERT INTO assignments (id,class_id,name,type) VALUES (621,42,'assignment_621',1);
INSERT INTO assignments (id,class_id,name,type) VALUES (622,42,'assignment_622',1);
INSERT INTO assignments (id,class_id,name,type) VALUES (623,42,'assignment_623',1);
INSERT INTO assignments (id,class_id,name,type) VALUES (624,42,'assignment_624',1);
INSERT INTO assignments (id,class_id,name,type) VALUES (625,42,'assignment_625',1);
INSERT INTO assignments (id,class_id,name,type) VALUES (626,42,'assignment_626',1);
INSERT INTO assignments (id,class_id,name,type) VALUES (627,42,'assignment_627',1);
INSERT INTO assignments (id,class_id,name,type) VALUES (628,42,'assignment_628',2);
INSERT INTO assignments (id,class_id,name,type) VALUES (629,42,'assignment_629',2);
INSERT INTO assignments (id,class_id,name,type) VALUES (630,42,'assignment_630',2);
INSERT INTO assignments (id,class_id,name,type) VALUES (631,43,'assignment_631',1);
INSERT INTO assignments (id,class_id,name,type) VALUES (632,43,'assignment_632',1);
INSERT INTO assignments (id,class_id,name,type) VALUES (633,43,'assignment_633',1);
INSERT INTO assignments (id,class_id,name,type) VALUES (634,43,'assignment_634',1);
INSERT INTO assignments (id,class_id,name,type) VALUES (635,43,'assignment_635',1);
INSERT INTO assignments (id,class_id,name,type) VALUES (636,43,'assignment_636',1);
INSERT INTO assignments (id,class_id,name,type) VALUES (637,43,'assignment_637',1);
INSERT INTO assignments (id,class_id,name,type) VALUES (638,43,'assignment_638',1);
INSERT INTO assignments (id,class_id,name,type) VALUES (639,43,'assignment_639',1);
INSERT INTO assignments (id,class_id,name,type) VALUES (640,43,'assignment_640',1);
INSERT INTO assignments (id,class_id,name,type) VALUES (641,43,'assignment_641',1);
INSERT INTO assignments (id,class_id,name,type) VALUES (642,43,'assignment_642',1);
INSERT INTO assignments (id,class_id,name,type) VALUES (643,43,'assignment_643',2);
INSERT INTO assignments (id,class_id,name,type) VALUES (644,43,'assignment_644',2);
INSERT INTO assignments (id,class_id,name,type) VALUES (645,43,'assignment_645',2);
INSERT INTO assignments (id,class_id,name,type) VALUES (646,44,'assignment_646',1);
INSERT INTO assignments (id,class_id,name,type) VALUES (647,44,'assignment_647',1);
INSERT INTO assignments (id,class_id,name,type) VALUES (648,44,'assignment_648',1);
INSERT INTO assignments (id,class_id,name,type) VALUES (649,44,'assignment_649',1);
INSERT INTO assignments (id,class_id,name,type) VALUES (650,44,'assignment_650',1);
INSERT INTO assignments (id,class_id,name,type) VALUES (651,44,'assignment_651',1);
INSERT INTO assignments (id,class_id,name,type) VALUES (652,44,'assignment_652',1);
INSERT INTO assignments (id,class_id,name,type) VALUES (653,44,'assignment_653',1);
INSERT INTO assignments (id,class_id,name,type) VALUES (654,44,'assignment_654',1);
INSERT INTO assignments (id,class_id,name,type) VALUES (655,44,'assignment_655',1);
INSERT INTO assignments (id,class_id,name,type) VALUES (656,44,'assignment_656',1);
INSERT INTO assignments (id,class_id,name,type) VALUES (657,44,'assignment_657',1);
INSERT INTO assignments (id,class_id,name,type) VALUES (658,44,'assignment_658',2);
INSERT INTO assignments (id,class_id,name,type) VALUES (659,44,'assignment_659',2);
INSERT INTO assignments (id,class_id,name,type) VALUES (660,44,'assignment_660',2);
INSERT INTO assignments (id,class_id,name,type) VALUES (661,45,'assignment_661',1);
INSERT INTO assignments (id,class_id,name,type) VALUES (662,45,'assignment_662',1);
INSERT INTO assignments (id,class_id,name,type) VALUES (663,45,'assignment_663',1);
INSERT INTO assignments (id,class_id,name,type) VALUES (664,45,'assignment_664',1);
INSERT INTO assignments (id,class_id,name,type) VALUES (665,45,'assignment_665',1);
INSERT INTO assignments (id,class_id,name,type) VALUES (666,45,'assignment_666',1);
INSERT INTO assignments (id,class_id,name,type) VALUES (667,45,'assignment_667',1);
INSERT INTO assignments (id,class_id,name,type) VALUES (668,45,'assignment_668',1);
INSERT INTO assignments (id,class_id,name,type) VALUES (669,45,'assignment_669',1);
INSERT INTO assignments (id,class_id,name,type) VALUES (670,45,'assignment_670',1);
INSERT INTO assignments (id,class_id,name,type) VALUES (671,45,'assignment_671',1);
INSERT INTO assignments (id,class_id,name,type) VALUES (672,45,'assignment_672',1);
INSERT INTO assignments (id,class_id,name,type) VALUES (673,45,'assignment_673',2);
INSERT INTO assignments (id,class_id,name,type) VALUES (674,45,'assignment_674',2);
INSERT INTO assignments (id,class_id,name,type) VALUES (675,45,'assignment_675',2);
INSERT INTO assignments (id,class_id,name,type) VALUES (676,46,'assignment_676',1);
INSERT INTO assignments (id,class_id,name,type) VALUES (677,46,'assignment_677',1);
INSERT INTO assignments (id,class_id,name,type) VALUES (678,46,'assignment_678',1);
INSERT INTO assignments (id,class_id,name,type) VALUES (679,46,'assignment_679',1);
INSERT INTO assignments (id,class_id,name,type) VALUES (680,46,'assignment_680',1);
INSERT INTO assignments (id,class_id,name,type) VALUES (681,46,'assignment_681',1);
INSERT INTO assignments (id,class_id,name,type) VALUES (682,46,'assignment_682',1);
INSERT INTO assignments (id,class_id,name,type) VALUES (683,46,'assignment_683',1);
INSERT INTO assignments (id,class_id,name,type) VALUES (684,46,'assignment_684',1);
INSERT INTO assignments (id,class_id,name,type) VALUES (685,46,'assignment_685',1);
INSERT INTO assignments (id,class_id,name,type) VALUES (686,46,'assignment_686',1);
INSERT INTO assignments (id,class_id,name,type) VALUES (687,46,'assignment_687',1);
INSERT INTO assignments (id,class_id,name,type) VALUES (688,46,'assignment_688',2);
INSERT INTO assignments (id,class_id,name,type) VALUES (689,46,'assignment_689',2);
INSERT INTO assignments (id,class_id,name,type) VALUES (690,46,'assignment_690',2);
INSERT INTO assignments (id,class_id,name,type) VALUES (691,47,'assignment_691',1);
INSERT INTO assignments (id,class_id,name,type) VALUES (692,47,'assignment_692',1);
INSERT INTO assignments (id,class_id,name,type) VALUES (693,47,'assignment_693',1);
INSERT INTO assignments (id,class_id,name,type) VALUES (694,47,'assignment_694',1);
INSERT INTO assignments (id,class_id,name,type) VALUES (695,47,'assignment_695',1);
INSERT INTO assignments (id,class_id,name,type) VALUES (696,47,'assignment_696',1);
INSERT INTO assignments (id,class_id,name,type) VALUES (697,47,'assignment_697',1);
INSERT INTO assignments (id,class_id,name,type) VALUES (698,47,'assignment_698',1);
INSERT INTO assignments (id,class_id,name,type) VALUES (699,47,'assignment_699',1);
INSERT INTO assignments (id,class_id,name,type) VALUES (700,47,'assignment_700',1);
INSERT INTO assignments (id,class_id,name,type) VALUES (701,47,'assignment_701',1);
INSERT INTO assignments (id,class_id,name,type) VALUES (702,47,'assignment_702',1);
INSERT INTO assignments (id,class_id,name,type) VALUES (703,47,'assignment_703',2);
INSERT INTO assignments (id,class_id,name,type) VALUES (704,47,'assignment_704',2);
INSERT INTO assignments (id,class_id,name,type) VALUES (705,47,'assignment_705',2);
INSERT INTO assignments (id,class_id,name,type) VALUES (706,48,'assignment_706',1);
INSERT INTO assignments (id,class_id,name,type) VALUES (707,48,'assignment_707',1);
INSERT INTO assignments (id,class_id,name,type) VALUES (708,48,'assignment_708',1);
INSERT INTO assignments (id,class_id,name,type) VALUES (709,48,'assignment_709',1);
INSERT INTO assignments (id,class_id,name,type) VALUES (710,48,'assignment_710',1);
INSERT INTO assignments (id,class_id,name,type) VALUES (711,48,'assignment_711',1);
INSERT INTO assignments (id,class_id,name,type) VALUES (712,48,'assignment_712',1);
INSERT INTO assignments (id,class_id,name,type) VALUES (713,48,'assignment_713',1);
INSERT INTO assignments (id,class_id,name,type) VALUES (714,48,'assignment_714',1);
INSERT INTO assignments (id,class_id,name,type) VALUES (715,48,'assignment_715',1);
INSERT INTO assignments (id,class_id,name,type) VALUES (716,48,'assignment_716',1);
INSERT INTO assignments (id,class_id,name,type) VALUES (717,48,'assignment_717',1);
INSERT INTO assignments (id,class_id,name,type) VALUES (718,48,'assignment_718',2);
INSERT INTO assignments (id,class_id,name,type) VALUES (719,48,'assignment_719',2);
INSERT INTO assignments (id,class_id,name,type) VALUES (720,48,'assignment_720',2);
INSERT INTO assignments (id,class_id,name,type) VALUES (721,49,'assignment_721',1);
INSERT INTO assignments (id,class_id,name,type) VALUES (722,49,'assignment_722',1);
INSERT INTO assignments (id,class_id,name,type) VALUES (723,49,'assignment_723',1);
INSERT INTO assignments (id,class_id,name,type) VALUES (724,49,'assignment_724',1);
INSERT INTO assignments (id,class_id,name,type) VALUES (725,49,'assignment_725',1);
INSERT INTO assignments (id,class_id,name,type) VALUES (726,49,'assignment_726',1);
INSERT INTO assignments (id,class_id,name,type) VALUES (727,49,'assignment_727',1);
INSERT INTO assignments (id,class_id,name,type) VALUES (728,49,'assignment_728',1);
INSERT INTO assignments (id,class_id,name,type) VALUES (729,49,'assignment_729',1);
INSERT INTO assignments (id,class_id,name,type) VALUES (730,49,'assignment_730',1);
INSERT INTO assignments (id,class_id,name,type) VALUES (731,49,'assignment_731',1);
INSERT INTO assignments (id,class_id,name,type) VALUES (732,49,'assignment_732',1);
INSERT INTO assignments (id,class_id,name,type) VALUES (733,49,'assignment_733',2);
INSERT INTO assignments (id,class_id,name,type) VALUES (734,49,'assignment_734',2);
INSERT INTO assignments (id,class_id,name,type) VALUES (735,49,'assignment_735',2);
INSERT INTO assignments (id,class_id,name,type) VALUES (736,50,'assignment_736',1);
INSERT INTO assignments (id,class_id,name,type) VALUES (737,50,'assignment_737',1);
INSERT INTO assignments (id,class_id,name,type) VALUES (738,50,'assignment_738',1);
INSERT INTO assignments (id,class_id,name,type) VALUES (739,50,'assignment_739',1);
INSERT INTO assignments (id,class_id,name,type) VALUES (740,50,'assignment_740',1);
INSERT INTO assignments (id,class_id,name,type) VALUES (741,50,'assignment_741',1);
INSERT INTO assignments (id,class_id,name,type) VALUES (742,50,'assignment_742',1);
INSERT INTO assignments (id,class_id,name,type) VALUES (743,50,'assignment_743',1);
INSERT INTO assignments (id,class_id,name,type) VALUES (744,50,'assignment_744',1);
INSERT INTO assignments (id,class_id,name,type) VALUES (745,50,'assignment_745',1);
INSERT INTO assignments (id,class_id,name,type) VALUES (746,50,'assignment_746',1);
INSERT INTO assignments (id,class_id,name,type) VALUES (747,50,'assignment_747',1);
INSERT INTO assignments (id,class_id,name,type) VALUES (748,50,'assignment_748',2);
INSERT INTO assignments (id,class_id,name,type) VALUES (749,50,'assignment_749',2);
INSERT INTO assignments (id,class_id,name,type) VALUES (750,50,'assignment_750',2);
INSERT INTO assignments (id,class_id,name,type) VALUES (751,51,'assignment_751',1);
INSERT INTO assignments (id,class_id,name,type) VALUES (752,51,'assignment_752',1);
INSERT INTO assignments (id,class_id,name,type) VALUES (753,51,'assignment_753',1);
INSERT INTO assignments (id,class_id,name,type) VALUES (754,51,'assignment_754',1);
INSERT INTO assignments (id,class_id,name,type) VALUES (755,51,'assignment_755',1);
INSERT INTO assignments (id,class_id,name,type) VALUES (756,51,'assignment_756',1);
INSERT INTO assignments (id,class_id,name,type) VALUES (757,51,'assignment_757',1);
INSERT INTO assignments (id,class_id,name,type) VALUES (758,51,'assignment_758',1);
INSERT INTO assignments (id,class_id,name,type) VALUES (759,51,'assignment_759',1);
INSERT INTO assignments (id,class_id,name,type) VALUES (760,51,'assignment_760',1);
INSERT INTO assignments (id,class_id,name,type) VALUES (761,51,'assignment_761',1);
INSERT INTO assignments (id,class_id,name,type) VALUES (762,51,'assignment_762',1);
INSERT INTO assignments (id,class_id,name,type) VALUES (763,51,'assignment_763',2);
INSERT INTO assignments (id,class_id,name,type) VALUES (764,51,'assignment_764',2);
INSERT INTO assignments (id,class_id,name,type) VALUES (765,51,'assignment_765',2);
INSERT INTO assignments (id,class_id,name,type) VALUES (766,52,'assignment_766',1);
INSERT INTO assignments (id,class_id,name,type) VALUES (767,52,'assignment_767',1);
INSERT INTO assignments (id,class_id,name,type) VALUES (768,52,'assignment_768',1);
INSERT INTO assignments (id,class_id,name,type) VALUES (769,52,'assignment_769',1);
INSERT INTO assignments (id,class_id,name,type) VALUES (770,52,'assignment_770',1);
INSERT INTO assignments (id,class_id,name,type) VALUES (771,52,'assignment_771',1);
INSERT INTO assignments (id,class_id,name,type) VALUES (772,52,'assignment_772',1);
INSERT INTO assignments (id,class_id,name,type) VALUES (773,52,'assignment_773',1);
INSERT INTO assignments (id,class_id,name,type) VALUES (774,52,'assignment_774',1);
INSERT INTO assignments (id,class_id,name,type) VALUES (775,52,'assignment_775',1);
INSERT INTO assignments (id,class_id,name,type) VALUES (776,52,'assignment_776',1);
INSERT INTO assignments (id,class_id,name,type) VALUES (777,52,'assignment_777',1);
INSERT INTO assignments (id,class_id,name,type) VALUES (778,52,'assignment_778',2);
INSERT INTO assignments (id,class_id,name,type) VALUES (779,52,'assignment_779',2);
INSERT INTO assignments (id,class_id,name,type) VALUES (780,52,'assignment_780',2);
INSERT INTO assignments (id,class_id,name,type) VALUES (781,53,'assignment_781',1);
INSERT INTO assignments (id,class_id,name,type) VALUES (782,53,'assignment_782',1);
INSERT INTO assignments (id,class_id,name,type) VALUES (783,53,'assignment_783',1);
INSERT INTO assignments (id,class_id,name,type) VALUES (784,53,'assignment_784',1);
INSERT INTO assignments (id,class_id,name,type) VALUES (785,53,'assignment_785',1);
INSERT INTO assignments (id,class_id,name,type) VALUES (786,53,'assignment_786',1);
INSERT INTO assignments (id,class_id,name,type) VALUES (787,53,'assignment_787',1);
INSERT INTO assignments (id,class_id,name,type) VALUES (788,53,'assignment_788',1);
INSERT INTO assignments (id,class_id,name,type) VALUES (789,53,'assignment_789',1);
INSERT INTO assignments (id,class_id,name,type) VALUES (790,53,'assignment_790',1);
INSERT INTO assignments (id,class_id,name,type) VALUES (791,53,'assignment_791',1);
INSERT INTO assignments (id,class_id,name,type) VALUES (792,53,'assignment_792',1);
INSERT INTO assignments (id,class_id,name,type) VALUES (793,53,'assignment_793',2);
INSERT INTO assignments (id,class_id,name,type) VALUES (794,53,'assignment_794',2);
INSERT INTO assignments (id,class_id,name,type) VALUES (795,53,'assignment_795',2);
INSERT INTO assignments (id,class_id,name,type) VALUES (796,54,'assignment_796',1);
INSERT INTO assignments (id,class_id,name,type) VALUES (797,54,'assignment_797',1);
INSERT INTO assignments (id,class_id,name,type) VALUES (798,54,'assignment_798',1);
INSERT INTO assignments (id,class_id,name,type) VALUES (799,54,'assignment_799',1);
INSERT INTO assignments (id,class_id,name,type) VALUES (800,54,'assignment_800',1);
INSERT INTO assignments (id,class_id,name,type) VALUES (801,54,'assignment_801',1);
INSERT INTO assignments (id,class_id,name,type) VALUES (802,54,'assignment_802',1);
INSERT INTO assignments (id,class_id,name,type) VALUES (803,54,'assignment_803',1);
INSERT INTO assignments (id,class_id,name,type) VALUES (804,54,'assignment_804',1);
INSERT INTO assignments (id,class_id,name,type) VALUES (805,54,'assignment_805',1);
INSERT INTO assignments (id,class_id,name,type) VALUES (806,54,'assignment_806',1);
INSERT INTO assignments (id,class_id,name,type) VALUES (807,54,'assignment_807',1);
INSERT INTO assignments (id,class_id,name,type) VALUES (808,54,'assignment_808',2);
INSERT INTO assignments (id,class_id,name,type) VALUES (809,54,'assignment_809',2);
INSERT INTO assignments (id,class_id,name,type) VALUES (810,54,'assignment_810',2);
INSERT INTO assignments (id,class_id,name,type) VALUES (811,55,'assignment_811',1);
INSERT INTO assignments (id,class_id,name,type) VALUES (812,55,'assignment_812',1);
INSERT INTO assignments (id,class_id,name,type) VALUES (813,55,'assignment_813',1);
INSERT INTO assignments (id,class_id,name,type) VALUES (814,55,'assignment_814',1);
INSERT INTO assignments (id,class_id,name,type) VALUES (815,55,'assignment_815',1);
INSERT INTO assignments (id,class_id,name,type) VALUES (816,55,'assignment_816',1);
INSERT INTO assignments (id,class_id,name,type) VALUES (817,55,'assignment_817',1);
INSERT INTO assignments (id,class_id,name,type) VALUES (818,55,'assignment_818',1);
INSERT INTO assignments (id,class_id,name,type) VALUES (819,55,'assignment_819',1);
INSERT INTO assignments (id,class_id,name,type) VALUES (820,55,'assignment_820',1);
INSERT INTO assignments (id,class_id,name,type) VALUES (821,55,'assignment_821',1);
INSERT INTO assignments (id,class_id,name,type) VALUES (822,55,'assignment_822',1);
INSERT INTO assignments (id,class_id,name,type) VALUES (823,55,'assignment_823',2);
INSERT INTO assignments (id,class_id,name,type) VALUES (824,55,'assignment_824',2);
INSERT INTO assignments (id,class_id,name,type) VALUES (825,55,'assignment_825',2);
INSERT INTO assignments (id,class_id,name,type) VALUES (826,56,'assignment_826',1);
INSERT INTO assignments (id,class_id,name,type) VALUES (827,56,'assignment_827',1);
INSERT INTO assignments (id,class_id,name,type) VALUES (828,56,'assignment_828',1);
INSERT INTO assignments (id,class_id,name,type) VALUES (829,56,'assignment_829',1);
INSERT INTO assignments (id,class_id,name,type) VALUES (830,56,'assignment_830',1);
INSERT INTO assignments (id,class_id,name,type) VALUES (831,56,'assignment_831',1);
INSERT INTO assignments (id,class_id,name,type) VALUES (832,56,'assignment_832',1);
INSERT INTO assignments (id,class_id,name,type) VALUES (833,56,'assignment_833',1);
INSERT INTO assignments (id,class_id,name,type) VALUES (834,56,'assignment_834',1);
INSERT INTO assignments (id,class_id,name,type) VALUES (835,56,'assignment_835',1);
INSERT INTO assignments (id,class_id,name,type) VALUES (836,56,'assignment_836',1);
INSERT INTO assignments (id,class_id,name,type) VALUES (837,56,'assignment_837',1);
INSERT INTO assignments (id,class_id,name,type) VALUES (838,56,'assignment_838',2);
INSERT INTO assignments (id,class_id,name,type) VALUES (839,56,'assignment_839',2);
INSERT INTO assignments (id,class_id,name,type) VALUES (840,56,'assignment_840',2);
INSERT INTO assignments (id,class_id,name,type) VALUES (841,57,'assignment_841',1);
INSERT INTO assignments (id,class_id,name,type) VALUES (842,57,'assignment_842',1);
INSERT INTO assignments (id,class_id,name,type) VALUES (843,57,'assignment_843',1);
INSERT INTO assignments (id,class_id,name,type) VALUES (844,57,'assignment_844',1);
INSERT INTO assignments (id,class_id,name,type) VALUES (845,57,'assignment_845',1);
INSERT INTO assignments (id,class_id,name,type) VALUES (846,57,'assignment_846',1);
INSERT INTO assignments (id,class_id,name,type) VALUES (847,57,'assignment_847',1);
INSERT INTO assignments (id,class_id,name,type) VALUES (848,57,'assignment_848',1);
INSERT INTO assignments (id,class_id,name,type) VALUES (849,57,'assignment_849',1);
INSERT INTO assignments (id,class_id,name,type) VALUES (850,57,'assignment_850',1);
INSERT INTO assignments (id,class_id,name,type) VALUES (851,57,'assignment_851',1);
INSERT INTO assignments (id,class_id,name,type) VALUES (852,57,'assignment_852',1);
INSERT INTO assignments (id,class_id,name,type) VALUES (853,57,'assignment_853',2);
INSERT INTO assignments (id,class_id,name,type) VALUES (854,57,'assignment_854',2);
INSERT INTO assignments (id,class_id,name,type) VALUES (855,57,'assignment_855',2);
INSERT INTO assignments (id,class_id,name,type) VALUES (856,58,'assignment_856',1);
INSERT INTO assignments (id,class_id,name,type) VALUES (857,58,'assignment_857',1);
INSERT INTO assignments (id,class_id,name,type) VALUES (858,58,'assignment_858',1);
INSERT INTO assignments (id,class_id,name,type) VALUES (859,58,'assignment_859',1);
INSERT INTO assignments (id,class_id,name,type) VALUES (860,58,'assignment_860',1);
INSERT INTO assignments (id,class_id,name,type) VALUES (861,58,'assignment_861',1);
INSERT INTO assignments (id,class_id,name,type) VALUES (862,58,'assignment_862',1);
INSERT INTO assignments (id,class_id,name,type) VALUES (863,58,'assignment_863',1);
INSERT INTO assignments (id,class_id,name,type) VALUES (864,58,'assignment_864',1);
INSERT INTO assignments (id,class_id,name,type) VALUES (865,58,'assignment_865',1);
INSERT INTO assignments (id,class_id,name,type) VALUES (866,58,'assignment_866',1);
INSERT INTO assignments (id,class_id,name,type) VALUES (867,58,'assignment_867',1);
INSERT INTO assignments (id,class_id,name,type) VALUES (868,58,'assignment_868',2);
INSERT INTO assignments (id,class_id,name,type) VALUES (869,58,'assignment_869',2);
INSERT INTO assignments (id,class_id,name,type) VALUES (870,58,'assignment_870',2);
INSERT INTO assignments (id,class_id,name,type) VALUES (871,59,'assignment_871',1);
INSERT INTO assignments (id,class_id,name,type) VALUES (872,59,'assignment_872',1);
INSERT INTO assignments (id,class_id,name,type) VALUES (873,59,'assignment_873',1);
INSERT INTO assignments (id,class_id,name,type) VALUES (874,59,'assignment_874',1);
INSERT INTO assignments (id,class_id,name,type) VALUES (875,59,'assignment_875',1);
INSERT INTO assignments (id,class_id,name,type) VALUES (876,59,'assignment_876',1);
INSERT INTO assignments (id,class_id,name,type) VALUES (877,59,'assignment_877',1);
INSERT INTO assignments (id,class_id,name,type) VALUES (878,59,'assignment_878',1);
INSERT INTO assignments (id,class_id,name,type) VALUES (879,59,'assignment_879',1);
INSERT INTO assignments (id,class_id,name,type) VALUES (880,59,'assignment_880',1);
INSERT INTO assignments (id,class_id,name,type) VALUES (881,59,'assignment_881',1);
INSERT INTO assignments (id,class_id,name,type) VALUES (882,59,'assignment_882',1);
INSERT INTO assignments (id,class_id,name,type) VALUES (883,59,'assignment_883',2);
INSERT INTO assignments (id,class_id,name,type) VALUES (884,59,'assignment_884',2);
INSERT INTO assignments (id,class_id,name,type) VALUES (885,59,'assignment_885',2);
INSERT INTO assignments (id,class_id,name,type) VALUES (886,60,'assignment_886',1);
INSERT INTO assignments (id,class_id,name,type) VALUES (887,60,'assignment_887',1);
INSERT INTO assignments (id,class_id,name,type) VALUES (888,60,'assignment_888',1);
INSERT INTO assignments (id,class_id,name,type) VALUES (889,60,'assignment_889',1);
INSERT INTO assignments (id,class_id,name,type) VALUES (890,60,'assignment_890',1);
INSERT INTO assignments (id,class_id,name,type) VALUES (891,60,'assignment_891',1);
INSERT INTO assignments (id,class_id,name,type) VALUES (892,60,'assignment_892',1);
INSERT INTO assignments (id,class_id,name,type) VALUES (893,60,'assignment_893',1);
INSERT INTO assignments (id,class_id,name,type) VALUES (894,60,'assignment_894',1);
INSERT INTO assignments (id,class_id,name,type) VALUES (895,60,'assignment_895',1);
INSERT INTO assignments (id,class_id,name,type) VALUES (896,60,'assignment_896',1);
INSERT INTO assignments (id,class_id,name,type) VALUES (897,60,'assignment_897',1);
INSERT INTO assignments (id,class_id,name,type) VALUES (898,60,'assignment_898',2);
INSERT INTO assignments (id,class_id,name,type) VALUES (899,60,'assignment_899',2);
INSERT INTO assignments (id,class_id,name,type) VALUES (900,60,'assignment_900',2);
INSERT INTO assignments (id,class_id,name,type) VALUES (901,61,'assignment_901',1);
INSERT INTO assignments (id,class_id,name,type) VALUES (902,61,'assignment_902',1);
INSERT INTO assignments (id,class_id,name,type) VALUES (903,61,'assignment_903',1);
INSERT INTO assignments (id,class_id,name,type) VALUES (904,61,'assignment_904',1);
INSERT INTO assignments (id,class_id,name,type) VALUES (905,61,'assignment_905',1);
INSERT INTO assignments (id,class_id,name,type) VALUES (906,61,'assignment_906',1);
INSERT INTO assignments (id,class_id,name,type) VALUES (907,61,'assignment_907',1);
INSERT INTO assignments (id,class_id,name,type) VALUES (908,61,'assignment_908',1);
INSERT INTO assignments (id,class_id,name,type) VALUES (909,61,'assignment_909',1);
INSERT INTO assignments (id,class_id,name,type) VALUES (910,61,'assignment_910',1);
INSERT INTO assignments (id,class_id,name,type) VALUES (911,61,'assignment_911',1);
INSERT INTO assignments (id,class_id,name,type) VALUES (912,61,'assignment_912',1);
INSERT INTO assignments (id,class_id,name,type) VALUES (913,61,'assignment_913',2);
INSERT INTO assignments (id,class_id,name,type) VALUES (914,61,'assignment_914',2);
INSERT INTO assignments (id,class_id,name,type) VALUES (915,61,'assignment_915',2);
INSERT INTO assignments (id,class_id,name,type) VALUES (916,62,'assignment_916',1);
INSERT INTO assignments (id,class_id,name,type) VALUES (917,62,'assignment_917',1);
INSERT INTO assignments (id,class_id,name,type) VALUES (918,62,'assignment_918',1);
INSERT INTO assignments (id,class_id,name,type) VALUES (919,62,'assignment_919',1);
INSERT INTO assignments (id,class_id,name,type) VALUES (920,62,'assignment_920',1);
INSERT INTO assignments (id,class_id,name,type) VALUES (921,62,'assignment_921',1);
INSERT INTO assignments (id,class_id,name,type) VALUES (922,62,'assignment_922',1);
INSERT INTO assignments (id,class_id,name,type) VALUES (923,62,'assignment_923',1);
INSERT INTO assignments (id,class_id,name,type) VALUES (924,62,'assignment_924',1);
INSERT INTO assignments (id,class_id,name,type) VALUES (925,62,'assignment_925',1);
INSERT INTO assignments (id,class_id,name,type) VALUES (926,62,'assignment_926',1);
INSERT INTO assignments (id,class_id,name,type) VALUES (927,62,'assignment_927',1);
INSERT INTO assignments (id,class_id,name,type) VALUES (928,62,'assignment_928',2);
INSERT INTO assignments (id,class_id,name,type) VALUES (929,62,'assignment_929',2);
INSERT INTO assignments (id,class_id,name,type) VALUES (930,62,'assignment_930',2);
INSERT INTO assignments (id,class_id,name,type) VALUES (931,63,'assignment_931',1);
INSERT INTO assignments (id,class_id,name,type) VALUES (932,63,'assignment_932',1);
INSERT INTO assignments (id,class_id,name,type) VALUES (933,63,'assignment_933',1);
INSERT INTO assignments (id,class_id,name,type) VALUES (934,63,'assignment_934',1);
INSERT INTO assignments (id,class_id,name,type) VALUES (935,63,'assignment_935',1);
INSERT INTO assignments (id,class_id,name,type) VALUES (936,63,'assignment_936',1);
INSERT INTO assignments (id,class_id,name,type) VALUES (937,63,'assignment_937',1);
INSERT INTO assignments (id,class_id,name,type) VALUES (938,63,'assignment_938',1);
INSERT INTO assignments (id,class_id,name,type) VALUES (939,63,'assignment_939',1);
INSERT INTO assignments (id,class_id,name,type) VALUES (940,63,'assignment_940',1);
INSERT INTO assignments (id,class_id,name,type) VALUES (941,63,'assignment_941',1);
INSERT INTO assignments (id,class_id,name,type) VALUES (942,63,'assignment_942',1);
INSERT INTO assignments (id,class_id,name,type) VALUES (943,63,'assignment_943',2);
INSERT INTO assignments (id,class_id,name,type) VALUES (944,63,'assignment_944',2);
INSERT INTO assignments (id,class_id,name,type) VALUES (945,63,'assignment_945',2);
INSERT INTO assignments (id,class_id,name,type) VALUES (946,64,'assignment_946',1);
INSERT INTO assignments (id,class_id,name,type) VALUES (947,64,'assignment_947',1);
INSERT INTO assignments (id,class_id,name,type) VALUES (948,64,'assignment_948',1);
INSERT INTO assignments (id,class_id,name,type) VALUES (949,64,'assignment_949',1);
INSERT INTO assignments (id,class_id,name,type) VALUES (950,64,'assignment_950',1);
INSERT INTO assignments (id,class_id,name,type) VALUES (951,64,'assignment_951',1);
INSERT INTO assignments (id,class_id,name,type) VALUES (952,64,'assignment_952',1);
INSERT INTO assignments (id,class_id,name,type) VALUES (953,64,'assignment_953',1);
INSERT INTO assignments (id,class_id,name,type) VALUES (954,64,'assignment_954',1);
INSERT INTO assignments (id,class_id,name,type) VALUES (955,64,'assignment_955',1);
INSERT INTO assignments (id,class_id,name,type) VALUES (956,64,'assignment_956',1);
INSERT INTO assignments (id,class_id,name,type) VALUES (957,64,'assignment_957',1);
INSERT INTO assignments (id,class_id,name,type) VALUES (958,64,'assignment_958',2);
INSERT INTO assignments (id,class_id,name,type) VALUES (959,64,'assignment_959',2);
INSERT INTO assignments (id,class_id,name,type) VALUES (960,64,'assignment_960',2);
INSERT INTO assignments (id,class_id,name,type) VALUES (961,65,'assignment_961',1);
INSERT INTO assignments (id,class_id,name,type) VALUES (962,65,'assignment_962',1);
INSERT INTO assignments (id,class_id,name,type) VALUES (963,65,'assignment_963',1);
INSERT INTO assignments (id,class_id,name,type) VALUES (964,65,'assignment_964',1);
INSERT INTO assignments (id,class_id,name,type) VALUES (965,65,'assignment_965',1);
INSERT INTO assignments (id,class_id,name,type) VALUES (966,65,'assignment_966',1);
INSERT INTO assignments (id,class_id,name,type) VALUES (967,65,'assignment_967',1);
INSERT INTO assignments (id,class_id,name,type) VALUES (968,65,'assignment_968',1);
INSERT INTO assignments (id,class_id,name,type) VALUES (969,65,'assignment_969',1);
INSERT INTO assignments (id,class_id,name,type) VALUES (970,65,'assignment_970',1);
INSERT INTO assignments (id,class_id,name,type) VALUES (971,65,'assignment_971',1);
INSERT INTO assignments (id,class_id,name,type) VALUES (972,65,'assignment_972',1);
INSERT INTO assignments (id,class_id,name,type) VALUES (973,65,'assignment_973',2);
INSERT INTO assignments (id,class_id,name,type) VALUES (974,65,'assignment_974',2);
INSERT INTO assignments (id,class_id,name,type) VALUES (975,65,'assignment_975',2);
INSERT INTO assignments (id,class_id,name,type) VALUES (976,66,'assignment_976',1);
INSERT INTO assignments (id,class_id,name,type) VALUES (977,66,'assignment_977',1);
INSERT INTO assignments (id,class_id,name,type) VALUES (978,66,'assignment_978',1);
INSERT INTO assignments (id,class_id,name,type) VALUES (979,66,'assignment_979',1);
INSERT INTO assignments (id,class_id,name,type) VALUES (980,66,'assignment_980',1);
INSERT INTO assignments (id,class_id,name,type) VALUES (981,66,'assignment_981',1);
INSERT INTO assignments (id,class_id,name,type) VALUES (982,66,'assignment_982',1);
INSERT INTO assignments (id,class_id,name,type) VALUES (983,66,'assignment_983',1);
INSERT INTO assignments (id,class_id,name,type) VALUES (984,66,'assignment_984',1);
INSERT INTO assignments (id,class_id,name,type) VALUES (985,66,'assignment_985',1);
INSERT INTO assignments (id,class_id,name,type) VALUES (986,66,'assignment_986',1);
INSERT INTO assignments (id,class_id,name,type) VALUES (987,66,'assignment_987',1);
INSERT INTO assignments (id,class_id,name,type) VALUES (988,66,'assignment_988',2);
INSERT INTO assignments (id,class_id,name,type) VALUES (989,66,'assignment_989',2);
INSERT INTO assignments (id,class_id,name,type) VALUES (990,66,'assignment_990',2);
INSERT INTO assignments (id,class_id,name,type) VALUES (991,67,'assignment_991',1);
INSERT INTO assignments (id,class_id,name,type) VALUES (992,67,'assignment_992',1);
INSERT INTO assignments (id,class_id,name,type) VALUES (993,67,'assignment_993',1);
INSERT INTO assignments (id,class_id,name,type) VALUES (994,67,'assignment_994',1);
INSERT INTO assignments (id,class_id,name,type) VALUES (995,67,'assignment_995',1);
INSERT INTO assignments (id,class_id,name,type) VALUES (996,67,'assignment_996',1);
INSERT INTO assignments (id,class_id,name,type) VALUES (997,67,'assignment_997',1);
INSERT INTO assignments (id,class_id,name,type) VALUES (998,67,'assignment_998',1);
INSERT INTO assignments (id,class_id,name,type) VALUES (999,67,'assignment_999',1);
INSERT INTO assignments (id,class_id,name,type) VALUES (1000,67,'assignment_1000',1);
INSERT INTO assignments (id,class_id,name,type) VALUES (1001,67,'assignment_1001',1);
INSERT INTO assignments (id,class_id,name,type) VALUES (1002,67,'assignment_1002',1);
INSERT INTO assignments (id,class_id,name,type) VALUES (1003,67,'assignment_1003',2);
INSERT INTO assignments (id,class_id,name,type) VALUES (1004,67,'assignment_1004',2);
INSERT INTO assignments (id,class_id,name,type) VALUES (1005,67,'assignment_1005',2);
INSERT INTO assignments (id,class_id,name,type) VALUES (1006,68,'assignment_1006',1);
INSERT INTO assignments (id,class_id,name,type) VALUES (1007,68,'assignment_1007',1);
INSERT INTO assignments (id,class_id,name,type) VALUES (1008,68,'assignment_1008',1);
INSERT INTO assignments (id,class_id,name,type) VALUES (1009,68,'assignment_1009',1);
INSERT INTO assignments (id,class_id,name,type) VALUES (1010,68,'assignment_1010',1);
INSERT INTO assignments (id,class_id,name,type) VALUES (1011,68,'assignment_1011',1);
INSERT INTO assignments (id,class_id,name,type) VALUES (1012,68,'assignment_1012',1);
INSERT INTO assignments (id,class_id,name,type) VALUES (1013,68,'assignment_1013',1);
INSERT INTO assignments (id,class_id,name,type) VALUES (1014,68,'assignment_1014',1);
INSERT INTO assignments (id,class_id,name,type) VALUES (1015,68,'assignment_1015',1);
INSERT INTO assignments (id,class_id,name,type) VALUES (1016,68,'assignment_1016',1);
INSERT INTO assignments (id,class_id,name,type) VALUES (1017,68,'assignment_1017',1);
INSERT INTO assignments (id,class_id,name,type) VALUES (1018,68,'assignment_1018',2);
INSERT INTO assignments (id,class_id,name,type) VALUES (1019,68,'assignment_1019',2);
INSERT INTO assignments (id,class_id,name,type) VALUES (1020,68,'assignment_1020',2);
INSERT INTO assignments (id,class_id,name,type) VALUES (1021,69,'assignment_1021',1);
INSERT INTO assignments (id,class_id,name,type) VALUES (1022,69,'assignment_1022',1);
INSERT INTO assignments (id,class_id,name,type) VALUES (1023,69,'assignment_1023',1);
INSERT INTO assignments (id,class_id,name,type) VALUES (1024,69,'assignment_1024',1);
INSERT INTO assignments (id,class_id,name,type) VALUES (1025,69,'assignment_1025',1);
INSERT INTO assignments (id,class_id,name,type) VALUES (1026,69,'assignment_1026',1);
INSERT INTO assignments (id,class_id,name,type) VALUES (1027,69,'assignment_1027',1);
INSERT INTO assignments (id,class_id,name,type) VALUES (1028,69,'assignment_1028',1);
INSERT INTO assignments (id,class_id,name,type) VALUES (1029,69,'assignment_1029',1);
INSERT INTO assignments (id,class_id,name,type) VALUES (1030,69,'assignment_1030',1);
INSERT INTO assignments (id,class_id,name,type) VALUES (1031,69,'assignment_1031',1);
INSERT INTO assignments (id,class_id,name,type) VALUES (1032,69,'assignment_1032',1);
INSERT INTO assignments (id,class_id,name,type) VALUES (1033,69,'assignment_1033',2);
INSERT INTO assignments (id,class_id,name,type) VALUES (1034,69,'assignment_1034',2);
INSERT INTO assignments (id,class_id,name,type) VALUES (1035,69,'assignment_1035',2);
INSERT INTO assignments (id,class_id,name,type) VALUES (1036,70,'assignment_1036',1);
INSERT INTO assignments (id,class_id,name,type) VALUES (1037,70,'assignment_1037',1);
INSERT INTO assignments (id,class_id,name,type) VALUES (1038,70,'assignment_1038',1);
INSERT INTO assignments (id,class_id,name,type) VALUES (1039,70,'assignment_1039',1);
INSERT INTO assignments (id,class_id,name,type) VALUES (1040,70,'assignment_1040',1);
INSERT INTO assignments (id,class_id,name,type) VALUES (1041,70,'assignment_1041',1);
INSERT INTO assignments (id,class_id,name,type) VALUES (1042,70,'assignment_1042',1);
INSERT INTO assignments (id,class_id,name,type) VALUES (1043,70,'assignment_1043',1);
INSERT INTO assignments (id,class_id,name,type) VALUES (1044,70,'assignment_1044',1);
INSERT INTO assignments (id,class_id,name,type) VALUES (1045,70,'assignment_1045',1);
INSERT INTO assignments (id,class_id,name,type) VALUES (1046,70,'assignment_1046',1);
INSERT INTO assignments (id,class_id,name,type) VALUES (1047,70,'assignment_1047',1);
INSERT INTO assignments (id,class_id,name,type) VALUES (1048,70,'assignment_1048',2);
INSERT INTO assignments (id,class_id,name,type) VALUES (1049,70,'assignment_1049',2);
INSERT INTO assignments (id,class_id,name,type) VALUES (1050,70,'assignment_1050',2);
INSERT INTO assignments (id,class_id,name,type) VALUES (1051,71,'assignment_1051',1);
INSERT INTO assignments (id,class_id,name,type) VALUES (1052,71,'assignment_1052',1);
INSERT INTO assignments (id,class_id,name,type) VALUES (1053,71,'assignment_1053',1);
INSERT INTO assignments (id,class_id,name,type) VALUES (1054,71,'assignment_1054',1);
INSERT INTO assignments (id,class_id,name,type) VALUES (1055,71,'assignment_1055',1);
INSERT INTO assignments (id,class_id,name,type) VALUES (1056,71,'assignment_1056',1);
INSERT INTO assignments (id,class_id,name,type) VALUES (1057,71,'assignment_1057',1);
INSERT INTO assignments (id,class_id,name,type) VALUES (1058,71,'assignment_1058',1);
INSERT INTO assignments (id,class_id,name,type) VALUES (1059,71,'assignment_1059',1);
INSERT INTO assignments (id,class_id,name,type) VALUES (1060,71,'assignment_1060',1);
INSERT INTO assignments (id,class_id,name,type) VALUES (1061,71,'assignment_1061',1);
INSERT INTO assignments (id,class_id,name,type) VALUES (1062,71,'assignment_1062',1);
INSERT INTO assignments (id,class_id,name,type) VALUES (1063,71,'assignment_1063',2);
INSERT INTO assignments (id,class_id,name,type) VALUES (1064,71,'assignment_1064',2);
INSERT INTO assignments (id,class_id,name,type) VALUES (1065,71,'assignment_1065',2);
INSERT INTO assignments (id,class_id,name,type) VALUES (1066,72,'assignment_1066',1);
INSERT INTO assignments (id,class_id,name,type) VALUES (1067,72,'assignment_1067',1);
INSERT INTO assignments (id,class_id,name,type) VALUES (1068,72,'assignment_1068',1);
INSERT INTO assignments (id,class_id,name,type) VALUES (1069,72,'assignment_1069',1);
INSERT INTO assignments (id,class_id,name,type) VALUES (1070,72,'assignment_1070',1);
INSERT INTO assignments (id,class_id,name,type) VALUES (1071,72,'assignment_1071',1);
INSERT INTO assignments (id,class_id,name,type) VALUES (1072,72,'assignment_1072',1);
INSERT INTO assignments (id,class_id,name,type) VALUES (1073,72,'assignment_1073',1);
INSERT INTO assignments (id,class_id,name,type) VALUES (1074,72,'assignment_1074',1);
INSERT INTO assignments (id,class_id,name,type) VALUES (1075,72,'assignment_1075',1);
INSERT INTO assignments (id,class_id,name,type) VALUES (1076,72,'assignment_1076',1);
INSERT INTO assignments (id,class_id,name,type) VALUES (1077,72,'assignment_1077',1);
INSERT INTO assignments (id,class_id,name,type) VALUES (1078,72,'assignment_1078',2);
INSERT INTO assignments (id,class_id,name,type) VALUES (1079,72,'assignment_1079',2);
INSERT INTO assignments (id,class_id,name,type) VALUES (1080,72,'assignment_1080',2);
INSERT INTO assignments (id,class_id,name,type) VALUES (1081,73,'assignment_1081',1);
INSERT INTO assignments (id,class_id,name,type) VALUES (1082,73,'assignment_1082',1);
INSERT INTO assignments (id,class_id,name,type) VALUES (1083,73,'assignment_1083',1);
INSERT INTO assignments (id,class_id,name,type) VALUES (1084,73,'assignment_1084',1);
INSERT INTO assignments (id,class_id,name,type) VALUES (1085,73,'assignment_1085',1);
INSERT INTO assignments (id,class_id,name,type) VALUES (1086,73,'assignment_1086',1);
INSERT INTO assignments (id,class_id,name,type) VALUES (1087,73,'assignment_1087',1);
INSERT INTO assignments (id,class_id,name,type) VALUES (1088,73,'assignment_1088',1);
INSERT INTO assignments (id,class_id,name,type) VALUES (1089,73,'assignment_1089',1);
INSERT INTO assignments (id,class_id,name,type) VALUES (1090,73,'assignment_1090',1);
INSERT INTO assignments (id,class_id,name,type) VALUES (1091,73,'assignment_1091',1);
INSERT INTO assignments (id,class_id,name,type) VALUES (1092,73,'assignment_1092',1);
INSERT INTO assignments (id,class_id,name,type) VALUES (1093,73,'assignment_1093',2);
INSERT INTO assignments (id,class_id,name,type) VALUES (1094,73,'assignment_1094',2);
INSERT INTO assignments (id,class_id,name,type) VALUES (1095,73,'assignment_1095',2);
INSERT INTO assignments (id,class_id,name,type) VALUES (1096,74,'assignment_1096',1);
INSERT INTO assignments (id,class_id,name,type) VALUES (1097,74,'assignment_1097',1);
INSERT INTO assignments (id,class_id,name,type) VALUES (1098,74,'assignment_1098',1);
INSERT INTO assignments (id,class_id,name,type) VALUES (1099,74,'assignment_1099',1);
INSERT INTO assignments (id,class_id,name,type) VALUES (1100,74,'assignment_1100',1);
INSERT INTO assignments (id,class_id,name,type) VALUES (1101,74,'assignment_1101',1);
INSERT INTO assignments (id,class_id,name,type) VALUES (1102,74,'assignment_1102',1);
INSERT INTO assignments (id,class_id,name,type) VALUES (1103,74,'assignment_1103',1);
INSERT INTO assignments (id,class_id,name,type) VALUES (1104,74,'assignment_1104',1);
INSERT INTO assignments (id,class_id,name,type) VALUES (1105,74,'assignment_1105',1);
INSERT INTO assignments (id,class_id,name,type) VALUES (1106,74,'assignment_1106',1);
INSERT INTO assignments (id,class_id,name,type) VALUES (1107,74,'assignment_1107',1);
INSERT INTO assignments (id,class_id,name,type) VALUES (1108,74,'assignment_1108',2);
INSERT INTO assignments (id,class_id,name,type) VALUES (1109,74,'assignment_1109',2);
INSERT INTO assignments (id,class_id,name,type) VALUES (1110,74,'assignment_1110',2);
INSERT INTO assignments (id,class_id,name,type) VALUES (1111,75,'assignment_1111',1);
INSERT INTO assignments (id,class_id,name,type) VALUES (1112,75,'assignment_1112',1);
INSERT INTO assignments (id,class_id,name,type) VALUES (1113,75,'assignment_1113',1);
INSERT INTO assignments (id,class_id,name,type) VALUES (1114,75,'assignment_1114',1);
INSERT INTO assignments (id,class_id,name,type) VALUES (1115,75,'assignment_1115',1);
INSERT INTO assignments (id,class_id,name,type) VALUES (1116,75,'assignment_1116',1);
INSERT INTO assignments (id,class_id,name,type) VALUES (1117,75,'assignment_1117',1);
INSERT INTO assignments (id,class_id,name,type) VALUES (1118,75,'assignment_1118',1);
INSERT INTO assignments (id,class_id,name,type) VALUES (1119,75,'assignment_1119',1);
INSERT INTO assignments (id,class_id,name,type) VALUES (1120,75,'assignment_1120',1);
INSERT INTO assignments (id,class_id,name,type) VALUES (1121,75,'assignment_1121',1);
INSERT INTO assignments (id,class_id,name,type) VALUES (1122,75,'assignment_1122',1);
INSERT INTO assignments (id,class_id,name,type) VALUES (1123,75,'assignment_1123',2);
INSERT INTO assignments (id,class_id,name,type) VALUES (1124,75,'assignment_1124',2);
INSERT INTO assignments (id,class_id,name,type) VALUES (1125,75,'assignment_1125',2);
INSERT INTO assignments (id,class_id,name,type) VALUES (1126,76,'assignment_1126',1);
INSERT INTO assignments (id,class_id,name,type) VALUES (1127,76,'assignment_1127',1);
INSERT INTO assignments (id,class_id,name,type) VALUES (1128,76,'assignment_1128',1);
INSERT INTO assignments (id,class_id,name,type) VALUES (1129,76,'assignment_1129',1);
INSERT INTO assignments (id,class_id,name,type) VALUES (1130,76,'assignment_1130',1);
INSERT INTO assignments (id,class_id,name,type) VALUES (1131,76,'assignment_1131',1);
INSERT INTO assignments (id,class_id,name,type) VALUES (1132,76,'assignment_1132',1);
INSERT INTO assignments (id,class_id,name,type) VALUES (1133,76,'assignment_1133',1);
INSERT INTO assignments (id,class_id,name,type) VALUES (1134,76,'assignment_1134',1);
INSERT INTO assignments (id,class_id,name,type) VALUES (1135,76,'assignment_1135',1);
INSERT INTO assignments (id,class_id,name,type) VALUES (1136,76,'assignment_1136',1);
INSERT INTO assignments (id,class_id,name,type) VALUES (1137,76,'assignment_1137',1);
INSERT INTO assignments (id,class_id,name,type) VALUES (1138,76,'assignment_1138',2);
INSERT INTO assignments (id,class_id,name,type) VALUES (1139,76,'assignment_1139',2);
INSERT INTO assignments (id,class_id,name,type) VALUES (1140,76,'assignment_1140',2);
INSERT INTO assignments (id,class_id,name,type) VALUES (1141,77,'assignment_1141',1);
INSERT INTO assignments (id,class_id,name,type) VALUES (1142,77,'assignment_1142',1);
INSERT INTO assignments (id,class_id,name,type) VALUES (1143,77,'assignment_1143',1);
INSERT INTO assignments (id,class_id,name,type) VALUES (1144,77,'assignment_1144',1);
INSERT INTO assignments (id,class_id,name,type) VALUES (1145,77,'assignment_1145',1);
INSERT INTO assignments (id,class_id,name,type) VALUES (1146,77,'assignment_1146',1);
INSERT INTO assignments (id,class_id,name,type) VALUES (1147,77,'assignment_1147',1);
INSERT INTO assignments (id,class_id,name,type) VALUES (1148,77,'assignment_1148',1);
INSERT INTO assignments (id,class_id,name,type) VALUES (1149,77,'assignment_1149',1);
INSERT INTO assignments (id,class_id,name,type) VALUES (1150,77,'assignment_1150',1);
INSERT INTO assignments (id,class_id,name,type) VALUES (1151,77,'assignment_1151',1);
INSERT INTO assignments (id,class_id,name,type) VALUES (1152,77,'assignment_1152',1);
INSERT INTO assignments (id,class_id,name,type) VALUES (1153,77,'assignment_1153',2);
INSERT INTO assignments (id,class_id,name,type) VALUES (1154,77,'assignment_1154',2);
INSERT INTO assignments (id,class_id,name,type) VALUES (1155,77,'assignment_1155',2);
INSERT INTO assignments (id,class_id,name,type) VALUES (1156,78,'assignment_1156',1);
INSERT INTO assignments (id,class_id,name,type) VALUES (1157,78,'assignment_1157',1);
INSERT INTO assignments (id,class_id,name,type) VALUES (1158,78,'assignment_1158',1);
INSERT INTO assignments (id,class_id,name,type) VALUES (1159,78,'assignment_1159',1);
INSERT INTO assignments (id,class_id,name,type) VALUES (1160,78,'assignment_1160',1);
INSERT INTO assignments (id,class_id,name,type) VALUES (1161,78,'assignment_1161',1);
INSERT INTO assignments (id,class_id,name,type) VALUES (1162,78,'assignment_1162',1);
INSERT INTO assignments (id,class_id,name,type) VALUES (1163,78,'assignment_1163',1);
INSERT INTO assignments (id,class_id,name,type) VALUES (1164,78,'assignment_1164',1);
INSERT INTO assignments (id,class_id,name,type) VALUES (1165,78,'assignment_1165',1);
INSERT INTO assignments (id,class_id,name,type) VALUES (1166,78,'assignment_1166',1);
INSERT INTO assignments (id,class_id,name,type) VALUES (1167,78,'assignment_1167',1);
INSERT INTO assignments (id,class_id,name,type) VALUES (1168,78,'assignment_1168',2);
INSERT INTO assignments (id,class_id,name,type) VALUES (1169,78,'assignment_1169',2);
INSERT INTO assignments (id,class_id,name,type) VALUES (1170,78,'assignment_1170',2);
INSERT INTO assignments (id,class_id,name,type) VALUES (1171,79,'assignment_1171',1);
INSERT INTO assignments (id,class_id,name,type) VALUES (1172,79,'assignment_1172',1);
INSERT INTO assignments (id,class_id,name,type) VALUES (1173,79,'assignment_1173',1);
INSERT INTO assignments (id,class_id,name,type) VALUES (1174,79,'assignment_1174',1);
INSERT INTO assignments (id,class_id,name,type) VALUES (1175,79,'assignment_1175',1);
INSERT INTO assignments (id,class_id,name,type) VALUES (1176,79,'assignment_1176',1);
INSERT INTO assignments (id,class_id,name,type) VALUES (1177,79,'assignment_1177',1);
INSERT INTO assignments (id,class_id,name,type) VALUES (1178,79,'assignment_1178',1);
INSERT INTO assignments (id,class_id,name,type) VALUES (1179,79,'assignment_1179',1);
INSERT INTO assignments (id,class_id,name,type) VALUES (1180,79,'assignment_1180',1);
INSERT INTO assignments (id,class_id,name,type) VALUES (1181,79,'assignment_1181',1);
INSERT INTO assignments (id,class_id,name,type) VALUES (1182,79,'assignment_1182',1);
INSERT INTO assignments (id,class_id,name,type) VALUES (1183,79,'assignment_1183',2);
INSERT INTO assignments (id,class_id,name,type) VALUES (1184,79,'assignment_1184',2);
INSERT INTO assignments (id,class_id,name,type) VALUES (1185,79,'assignment_1185',2);
INSERT INTO assignments (id,class_id,name,type) VALUES (1186,80,'assignment_1186',1);
INSERT INTO assignments (id,class_id,name,type) VALUES (1187,80,'assignment_1187',1);
INSERT INTO assignments (id,class_id,name,type) VALUES (1188,80,'assignment_1188',1);
INSERT INTO assignments (id,class_id,name,type) VALUES (1189,80,'assignment_1189',1);
INSERT INTO assignments (id,class_id,name,type) VALUES (1190,80,'assignment_1190',1);
INSERT INTO assignments (id,class_id,name,type) VALUES (1191,80,'assignment_1191',1);
INSERT INTO assignments (id,class_id,name,type) VALUES (1192,80,'assignment_1192',1);
INSERT INTO assignments (id,class_id,name,type) VALUES (1193,80,'assignment_1193',1);
INSERT INTO assignments (id,class_id,name,type) VALUES (1194,80,'assignment_1194',1);
INSERT INTO assignments (id,class_id,name,type) VALUES (1195,80,'assignment_1195',1);
INSERT INTO assignments (id,class_id,name,type) VALUES (1196,80,'assignment_1196',1);
INSERT INTO assignments (id,class_id,name,type) VALUES (1197,80,'assignment_1197',1);
INSERT INTO assignments (id,class_id,name,type) VALUES (1198,80,'assignment_1198',2);
INSERT INTO assignments (id,class_id,name,type) VALUES (1199,80,'assignment_1199',2);
INSERT INTO assignments (id,class_id,name,type) VALUES (1200,80,'assignment_1200',2);
INSERT INTO assignments (id,class_id,name,type) VALUES (1201,81,'assignment_1201',1);
INSERT INTO assignments (id,class_id,name,type) VALUES (1202,81,'assignment_1202',1);
INSERT INTO assignments (id,class_id,name,type) VALUES (1203,81,'assignment_1203',1);
INSERT INTO assignments (id,class_id,name,type) VALUES (1204,81,'assignment_1204',1);
INSERT INTO assignments (id,class_id,name,type) VALUES (1205,81,'assignment_1205',1);
INSERT INTO assignments (id,class_id,name,type) VALUES (1206,81,'assignment_1206',1);
INSERT INTO assignments (id,class_id,name,type) VALUES (1207,81,'assignment_1207',1);
INSERT INTO assignments (id,class_id,name,type) VALUES (1208,81,'assignment_1208',1);
INSERT INTO assignments (id,class_id,name,type) VALUES (1209,81,'assignment_1209',1);
INSERT INTO assignments (id,class_id,name,type) VALUES (1210,81,'assignment_1210',1);
INSERT INTO assignments (id,class_id,name,type) VALUES (1211,81,'assignment_1211',1);
INSERT INTO assignments (id,class_id,name,type) VALUES (1212,81,'assignment_1212',1);
INSERT INTO assignments (id,class_id,name,type) VALUES (1213,81,'assignment_1213',2);
INSERT INTO assignments (id,class_id,name,type) VALUES (1214,81,'assignment_1214',2);
INSERT INTO assignments (id,class_id,name,type) VALUES (1215,81,'assignment_1215',2);
INSERT INTO assignments (id,class_id,name,type) VALUES (1216,82,'assignment_1216',1);
INSERT INTO assignments (id,class_id,name,type) VALUES (1217,82,'assignment_1217',1);
INSERT INTO assignments (id,class_id,name,type) VALUES (1218,82,'assignment_1218',1);
INSERT INTO assignments (id,class_id,name,type) VALUES (1219,82,'assignment_1219',1);
INSERT INTO assignments (id,class_id,name,type) VALUES (1220,82,'assignment_1220',1);
INSERT INTO assignments (id,class_id,name,type) VALUES (1221,82,'assignment_1221',1);
INSERT INTO assignments (id,class_id,name,type) VALUES (1222,82,'assignment_1222',1);
INSERT INTO assignments (id,class_id,name,type) VALUES (1223,82,'assignment_1223',1);
INSERT INTO assignments (id,class_id,name,type) VALUES (1224,82,'assignment_1224',1);
INSERT INTO assignments (id,class_id,name,type) VALUES (1225,82,'assignment_1225',1);
INSERT INTO assignments (id,class_id,name,type) VALUES (1226,82,'assignment_1226',1);
INSERT INTO assignments (id,class_id,name,type) VALUES (1227,82,'assignment_1227',1);
INSERT INTO assignments (id,class_id,name,type) VALUES (1228,82,'assignment_1228',2);
INSERT INTO assignments (id,class_id,name,type) VALUES (1229,82,'assignment_1229',2);
INSERT INTO assignments (id,class_id,name,type) VALUES (1230,82,'assignment_1230',2);
INSERT INTO assignments (id,class_id,name,type) VALUES (1231,83,'assignment_1231',1);
INSERT INTO assignments (id,class_id,name,type) VALUES (1232,83,'assignment_1232',1);
INSERT INTO assignments (id,class_id,name,type) VALUES (1233,83,'assignment_1233',1);
INSERT INTO assignments (id,class_id,name,type) VALUES (1234,83,'assignment_1234',1);
INSERT INTO assignments (id,class_id,name,type) VALUES (1235,83,'assignment_1235',1);
INSERT INTO assignments (id,class_id,name,type) VALUES (1236,83,'assignment_1236',1);
INSERT INTO assignments (id,class_id,name,type) VALUES (1237,83,'assignment_1237',1);
INSERT INTO assignments (id,class_id,name,type) VALUES (1238,83,'assignment_1238',1);
INSERT INTO assignments (id,class_id,name,type) VALUES (1239,83,'assignment_1239',1);
INSERT INTO assignments (id,class_id,name,type) VALUES (1240,83,'assignment_1240',1);
INSERT INTO assignments (id,class_id,name,type) VALUES (1241,83,'assignment_1241',1);
INSERT INTO assignments (id,class_id,name,type) VALUES (1242,83,'assignment_1242',1);
INSERT INTO assignments (id,class_id,name,type) VALUES (1243,83,'assignment_1243',2);
INSERT INTO assignments (id,class_id,name,type) VALUES (1244,83,'assignment_1244',2);
INSERT INTO assignments (id,class_id,name,type) VALUES (1245,83,'assignment_1245',2);
INSERT INTO assignments (id,class_id,name,type) VALUES (1246,84,'assignment_1246',1);
INSERT INTO assignments (id,class_id,name,type) VALUES (1247,84,'assignment_1247',1);
INSERT INTO assignments (id,class_id,name,type) VALUES (1248,84,'assignment_1248',1);
INSERT INTO assignments (id,class_id,name,type) VALUES (1249,84,'assignment_1249',1);
INSERT INTO assignments (id,class_id,name,type) VALUES (1250,84,'assignment_1250',1);
INSERT INTO assignments (id,class_id,name,type) VALUES (1251,84,'assignment_1251',1);
INSERT INTO assignments (id,class_id,name,type) VALUES (1252,84,'assignment_1252',1);
INSERT INTO assignments (id,class_id,name,type) VALUES (1253,84,'assignment_1253',1);
INSERT INTO assignments (id,class_id,name,type) VALUES (1254,84,'assignment_1254',1);
INSERT INTO assignments (id,class_id,name,type) VALUES (1255,84,'assignment_1255',1);
INSERT INTO assignments (id,class_id,name,type) VALUES (1256,84,'assignment_1256',1);
INSERT INTO assignments (id,class_id,name,type) VALUES (1257,84,'assignment_1257',1);
INSERT INTO assignments (id,class_id,name,type) VALUES (1258,84,'assignment_1258',2);
INSERT INTO assignments (id,class_id,name,type) VALUES (1259,84,'assignment_1259',2);
INSERT INTO assignments (id,class_id,name,type) VALUES (1260,84,'assignment_1260',2);
INSERT INTO assignments (id,class_id,name,type) VALUES (1261,85,'assignment_1261',1);
INSERT INTO assignments (id,class_id,name,type) VALUES (1262,85,'assignment_1262',1);
INSERT INTO assignments (id,class_id,name,type) VALUES (1263,85,'assignment_1263',1);
INSERT INTO assignments (id,class_id,name,type) VALUES (1264,85,'assignment_1264',1);
INSERT INTO assignments (id,class_id,name,type) VALUES (1265,85,'assignment_1265',1);
INSERT INTO assignments (id,class_id,name,type) VALUES (1266,85,'assignment_1266',1);
INSERT INTO assignments (id,class_id,name,type) VALUES (1267,85,'assignment_1267',1);
INSERT INTO assignments (id,class_id,name,type) VALUES (1268,85,'assignment_1268',1);
INSERT INTO assignments (id,class_id,name,type) VALUES (1269,85,'assignment_1269',1);
INSERT INTO assignments (id,class_id,name,type) VALUES (1270,85,'assignment_1270',1);
INSERT INTO assignments (id,class_id,name,type) VALUES (1271,85,'assignment_1271',1);
INSERT INTO assignments (id,class_id,name,type) VALUES (1272,85,'assignment_1272',1);
INSERT INTO assignments (id,class_id,name,type) VALUES (1273,85,'assignment_1273',2);
INSERT INTO assignments (id,class_id,name,type) VALUES (1274,85,'assignment_1274',2);
INSERT INTO assignments (id,class_id,name,type) VALUES (1275,85,'assignment_1275',2);
INSERT INTO assignments (id,class_id,name,type) VALUES (1276,86,'assignment_1276',1);
INSERT INTO assignments (id,class_id,name,type) VALUES (1277,86,'assignment_1277',1);
INSERT INTO assignments (id,class_id,name,type) VALUES (1278,86,'assignment_1278',1);
INSERT INTO assignments (id,class_id,name,type) VALUES (1279,86,'assignment_1279',1);
INSERT INTO assignments (id,class_id,name,type) VALUES (1280,86,'assignment_1280',1);
INSERT INTO assignments (id,class_id,name,type) VALUES (1281,86,'assignment_1281',1);
INSERT INTO assignments (id,class_id,name,type) VALUES (1282,86,'assignment_1282',1);
INSERT INTO assignments (id,class_id,name,type) VALUES (1283,86,'assignment_1283',1);
INSERT INTO assignments (id,class_id,name,type) VALUES (1284,86,'assignment_1284',1);
INSERT INTO assignments (id,class_id,name,type) VALUES (1285,86,'assignment_1285',1);
INSERT INTO assignments (id,class_id,name,type) VALUES (1286,86,'assignment_1286',1);
INSERT INTO assignments (id,class_id,name,type) VALUES (1287,86,'assignment_1287',1);
INSERT INTO assignments (id,class_id,name,type) VALUES (1288,86,'assignment_1288',2);
INSERT INTO assignments (id,class_id,name,type) VALUES (1289,86,'assignment_1289',2);
INSERT INTO assignments (id,class_id,name,type) VALUES (1290,86,'assignment_1290',2);
INSERT INTO assignments (id,class_id,name,type) VALUES (1291,87,'assignment_1291',1);
INSERT INTO assignments (id,class_id,name,type) VALUES (1292,87,'assignment_1292',1);
INSERT INTO assignments (id,class_id,name,type) VALUES (1293,87,'assignment_1293',1);
INSERT INTO assignments (id,class_id,name,type) VALUES (1294,87,'assignment_1294',1);
INSERT INTO assignments (id,class_id,name,type) VALUES (1295,87,'assignment_1295',1);
INSERT INTO assignments (id,class_id,name,type) VALUES (1296,87,'assignment_1296',1);
INSERT INTO assignments (id,class_id,name,type) VALUES (1297,87,'assignment_1297',1);
INSERT INTO assignments (id,class_id,name,type) VALUES (1298,87,'assignment_1298',1);
INSERT INTO assignments (id,class_id,name,type) VALUES (1299,87,'assignment_1299',1);
INSERT INTO assignments (id,class_id,name,type) VALUES (1300,87,'assignment_1300',1);
INSERT INTO assignments (id,class_id,name,type) VALUES (1301,87,'assignment_1301',1);
INSERT INTO assignments (id,class_id,name,type) VALUES (1302,87,'assignment_1302',1);
INSERT INTO assignments (id,class_id,name,type) VALUES (1303,87,'assignment_1303',2);
INSERT INTO assignments (id,class_id,name,type) VALUES (1304,87,'assignment_1304',2);
INSERT INTO assignments (id,class_id,name,type) VALUES (1305,87,'assignment_1305',2);
INSERT INTO assignments (id,class_id,name,type) VALUES (1306,88,'assignment_1306',1);
INSERT INTO assignments (id,class_id,name,type) VALUES (1307,88,'assignment_1307',1);
INSERT INTO assignments (id,class_id,name,type) VALUES (1308,88,'assignment_1308',1);
INSERT INTO assignments (id,class_id,name,type) VALUES (1309,88,'assignment_1309',1);
INSERT INTO assignments (id,class_id,name,type) VALUES (1310,88,'assignment_1310',1);
INSERT INTO assignments (id,class_id,name,type) VALUES (1311,88,'assignment_1311',1);
INSERT INTO assignments (id,class_id,name,type) VALUES (1312,88,'assignment_1312',1);
INSERT INTO assignments (id,class_id,name,type) VALUES (1313,88,'assignment_1313',1);
INSERT INTO assignments (id,class_id,name,type) VALUES (1314,88,'assignment_1314',1);
INSERT INTO assignments (id,class_id,name,type) VALUES (1315,88,'assignment_1315',1);
INSERT INTO assignments (id,class_id,name,type) VALUES (1316,88,'assignment_1316',1);
INSERT INTO assignments (id,class_id,name,type) VALUES (1317,88,'assignment_1317',1);
INSERT INTO assignments (id,class_id,name,type) VALUES (1318,88,'assignment_1318',2);
INSERT INTO assignments (id,class_id,name,type) VALUES (1319,88,'assignment_1319',2);
INSERT INTO assignments (id,class_id,name,type) VALUES (1320,88,'assignment_1320',2);
INSERT INTO assignments (id,class_id,name,type) VALUES (1321,89,'assignment_1321',1);
INSERT INTO assignments (id,class_id,name,type) VALUES (1322,89,'assignment_1322',1);
INSERT INTO assignments (id,class_id,name,type) VALUES (1323,89,'assignment_1323',1);
INSERT INTO assignments (id,class_id,name,type) VALUES (1324,89,'assignment_1324',1);
INSERT INTO assignments (id,class_id,name,type) VALUES (1325,89,'assignment_1325',1);
INSERT INTO assignments (id,class_id,name,type) VALUES (1326,89,'assignment_1326',1);
INSERT INTO assignments (id,class_id,name,type) VALUES (1327,89,'assignment_1327',1);
INSERT INTO assignments (id,class_id,name,type) VALUES (1328,89,'assignment_1328',1);
INSERT INTO assignments (id,class_id,name,type) VALUES (1329,89,'assignment_1329',1);
INSERT INTO assignments (id,class_id,name,type) VALUES (1330,89,'assignment_1330',1);
INSERT INTO assignments (id,class_id,name,type) VALUES (1331,89,'assignment_1331',1);
INSERT INTO assignments (id,class_id,name,type) VALUES (1332,89,'assignment_1332',1);
INSERT INTO assignments (id,class_id,name,type) VALUES (1333,89,'assignment_1333',2);
INSERT INTO assignments (id,class_id,name,type) VALUES (1334,89,'assignment_1334',2);
INSERT INTO assignments (id,class_id,name,type) VALUES (1335,89,'assignment_1335',2);
INSERT INTO assignments (id,class_id,name,type) VALUES (1336,90,'assignment_1336',1);
INSERT INTO assignments (id,class_id,name,type) VALUES (1337,90,'assignment_1337',1);
INSERT INTO assignments (id,class_id,name,type) VALUES (1338,90,'assignment_1338',1);
INSERT INTO assignments (id,class_id,name,type) VALUES (1339,90,'assignment_1339',1);
INSERT INTO assignments (id,class_id,name,type) VALUES (1340,90,'assignment_1340',1);
INSERT INTO assignments (id,class_id,name,type) VALUES (1341,90,'assignment_1341',1);
INSERT INTO assignments (id,class_id,name,type) VALUES (1342,90,'assignment_1342',1);
INSERT INTO assignments (id,class_id,name,type) VALUES (1343,90,'assignment_1343',1);
INSERT INTO assignments (id,class_id,name,type) VALUES (1344,90,'assignment_1344',1);
INSERT INTO assignments (id,class_id,name,type) VALUES (1345,90,'assignment_1345',1);
INSERT INTO assignments (id,class_id,name,type) VALUES (1346,90,'assignment_1346',1);
INSERT INTO assignments (id,class_id,name,type) VALUES (1347,90,'assignment_1347',1);
INSERT INTO assignments (id,class_id,name,type) VALUES (1348,90,'assignment_1348',2);
INSERT INTO assignments (id,class_id,name,type) VALUES (1349,90,'assignment_1349',2);
INSERT INTO assignments (id,class_id,name,type) VALUES (1350,90,'assignment_1350',2);
INSERT INTO assignments (id,class_id,name,type) VALUES (1351,91,'assignment_1351',1);
INSERT INTO assignments (id,class_id,name,type) VALUES (1352,91,'assignment_1352',1);
INSERT INTO assignments (id,class_id,name,type) VALUES (1353,91,'assignment_1353',1);
INSERT INTO assignments (id,class_id,name,type) VALUES (1354,91,'assignment_1354',1);
INSERT INTO assignments (id,class_id,name,type) VALUES (1355,91,'assignment_1355',1);
INSERT INTO assignments (id,class_id,name,type) VALUES (1356,91,'assignment_1356',1);
INSERT INTO assignments (id,class_id,name,type) VALUES (1357,91,'assignment_1357',1);
INSERT INTO assignments (id,class_id,name,type) VALUES (1358,91,'assignment_1358',1);
INSERT INTO assignments (id,class_id,name,type) VALUES (1359,91,'assignment_1359',1);
INSERT INTO assignments (id,class_id,name,type) VALUES (1360,91,'assignment_1360',1);
INSERT INTO assignments (id,class_id,name,type) VALUES (1361,91,'assignment_1361',1);
INSERT INTO assignments (id,class_id,name,type) VALUES (1362,91,'assignment_1362',1);
INSERT INTO assignments (id,class_id,name,type) VALUES (1363,91,'assignment_1363',2);
INSERT INTO assignments (id,class_id,name,type) VALUES (1364,91,'assignment_1364',2);
INSERT INTO assignments (id,class_id,name,type) VALUES (1365,91,'assignment_1365',2);
INSERT INTO assignments (id,class_id,name,type) VALUES (1366,92,'assignment_1366',1);
INSERT INTO assignments (id,class_id,name,type) VALUES (1367,92,'assignment_1367',1);
INSERT INTO assignments (id,class_id,name,type) VALUES (1368,92,'assignment_1368',1);
INSERT INTO assignments (id,class_id,name,type) VALUES (1369,92,'assignment_1369',1);
INSERT INTO assignments (id,class_id,name,type) VALUES (1370,92,'assignment_1370',1);
INSERT INTO assignments (id,class_id,name,type) VALUES (1371,92,'assignment_1371',1);
INSERT INTO assignments (id,class_id,name,type) VALUES (1372,92,'assignment_1372',1);
INSERT INTO assignments (id,class_id,name,type) VALUES (1373,92,'assignment_1373',1);
INSERT INTO assignments (id,class_id,name,type) VALUES (1374,92,'assignment_1374',1);
INSERT INTO assignments (id,class_id,name,type) VALUES (1375,92,'assignment_1375',1);
INSERT INTO assignments (id,class_id,name,type) VALUES (1376,92,'assignment_1376',1);
INSERT INTO assignments (id,class_id,name,type) VALUES (1377,92,'assignment_1377',1);
INSERT INTO assignments (id,class_id,name,type) VALUES (1378,92,'assignment_1378',2);
INSERT INTO assignments (id,class_id,name,type) VALUES (1379,92,'assignment_1379',2);
INSERT INTO assignments (id,class_id,name,type) VALUES (1380,92,'assignment_1380',2);
INSERT INTO assignments (id,class_id,name,type) VALUES (1381,93,'assignment_1381',1);
INSERT INTO assignments (id,class_id,name,type) VALUES (1382,93,'assignment_1382',1);
INSERT INTO assignments (id,class_id,name,type) VALUES (1383,93,'assignment_1383',1);
INSERT INTO assignments (id,class_id,name,type) VALUES (1384,93,'assignment_1384',1);
INSERT INTO assignments (id,class_id,name,type) VALUES (1385,93,'assignment_1385',1);
INSERT INTO assignments (id,class_id,name,type) VALUES (1386,93,'assignment_1386',1);
INSERT INTO assignments (id,class_id,name,type) VALUES (1387,93,'assignment_1387',1);
INSERT INTO assignments (id,class_id,name,type) VALUES (1388,93,'assignment_1388',1);
INSERT INTO assignments (id,class_id,name,type) VALUES (1389,93,'assignment_1389',1);
INSERT INTO assignments (id,class_id,name,type) VALUES (1390,93,'assignment_1390',1);
INSERT INTO assignments (id,class_id,name,type) VALUES (1391,93,'assignment_1391',1);
INSERT INTO assignments (id,class_id,name,type) VALUES (1392,93,'assignment_1392',1);
INSERT INTO assignments (id,class_id,name,type) VALUES (1393,93,'assignment_1393',2);
INSERT INTO assignments (id,class_id,name,type) VALUES (1394,93,'assignment_1394',2);
INSERT INTO assignments (id,class_id,name,type) VALUES (1395,93,'assignment_1395',2);
INSERT INTO assignments (id,class_id,name,type) VALUES (1396,94,'assignment_1396',1);
INSERT INTO assignments (id,class_id,name,type) VALUES (1397,94,'assignment_1397',1);
INSERT INTO assignments (id,class_id,name,type) VALUES (1398,94,'assignment_1398',1);
INSERT INTO assignments (id,class_id,name,type) VALUES (1399,94,'assignment_1399',1);
INSERT INTO assignments (id,class_id,name,type) VALUES (1400,94,'assignment_1400',1);
INSERT INTO assignments (id,class_id,name,type) VALUES (1401,94,'assignment_1401',1);
INSERT INTO assignments (id,class_id,name,type) VALUES (1402,94,'assignment_1402',1);
INSERT INTO assignments (id,class_id,name,type) VALUES (1403,94,'assignment_1403',1);
INSERT INTO assignments (id,class_id,name,type) VALUES (1404,94,'assignment_1404',1);
INSERT INTO assignments (id,class_id,name,type) VALUES (1405,94,'assignment_1405',1);
INSERT INTO assignments (id,class_id,name,type) VALUES (1406,94,'assignment_1406',1);
INSERT INTO assignments (id,class_id,name,type) VALUES (1407,94,'assignment_1407',1);
INSERT INTO assignments (id,class_id,name,type) VALUES (1408,94,'assignment_1408',2);
INSERT INTO assignments (id,class_id,name,type) VALUES (1409,94,'assignment_1409',2);
INSERT INTO assignments (id,class_id,name,type) VALUES (1410,94,'assignment_1410',2);
INSERT INTO assignments (id,class_id,name,type) VALUES (1411,95,'assignment_1411',1);
INSERT INTO assignments (id,class_id,name,type) VALUES (1412,95,'assignment_1412',1);
INSERT INTO assignments (id,class_id,name,type) VALUES (1413,95,'assignment_1413',1);
INSERT INTO assignments (id,class_id,name,type) VALUES (1414,95,'assignment_1414',1);
INSERT INTO assignments (id,class_id,name,type) VALUES (1415,95,'assignment_1415',1);
INSERT INTO assignments (id,class_id,name,type) VALUES (1416,95,'assignment_1416',1);
INSERT INTO assignments (id,class_id,name,type) VALUES (1417,95,'assignment_1417',1);
INSERT INTO assignments (id,class_id,name,type) VALUES (1418,95,'assignment_1418',1);
INSERT INTO assignments (id,class_id,name,type) VALUES (1419,95,'assignment_1419',1);
INSERT INTO assignments (id,class_id,name,type) VALUES (1420,95,'assignment_1420',1);
INSERT INTO assignments (id,class_id,name,type) VALUES (1421,95,'assignment_1421',1);
INSERT INTO assignments (id,class_id,name,type) VALUES (1422,95,'assignment_1422',1);
INSERT INTO assignments (id,class_id,name,type) VALUES (1423,95,'assignment_1423',2);
INSERT INTO assignments (id,class_id,name,type) VALUES (1424,95,'assignment_1424',2);
INSERT INTO assignments (id,class_id,name,type) VALUES (1425,95,'assignment_1425',2);
INSERT INTO assignments (id,class_id,name,type) VALUES (1426,96,'assignment_1426',1);
INSERT INTO assignments (id,class_id,name,type) VALUES (1427,96,'assignment_1427',1);
INSERT INTO assignments (id,class_id,name,type) VALUES (1428,96,'assignment_1428',1);
INSERT INTO assignments (id,class_id,name,type) VALUES (1429,96,'assignment_1429',1);
INSERT INTO assignments (id,class_id,name,type) VALUES (1430,96,'assignment_1430',1);
INSERT INTO assignments (id,class_id,name,type) VALUES (1431,96,'assignment_1431',1);
INSERT INTO assignments (id,class_id,name,type) VALUES (1432,96,'assignment_1432',1);
INSERT INTO assignments (id,class_id,name,type) VALUES (1433,96,'assignment_1433',1);
INSERT INTO assignments (id,class_id,name,type) VALUES (1434,96,'assignment_1434',1);
INSERT INTO assignments (id,class_id,name,type) VALUES (1435,96,'assignment_1435',1);
INSERT INTO assignments (id,class_id,name,type) VALUES (1436,96,'assignment_1436',1);
INSERT INTO assignments (id,class_id,name,type) VALUES (1437,96,'assignment_1437',1);
INSERT INTO assignments (id,class_id,name,type) VALUES (1438,96,'assignment_1438',2);
INSERT INTO assignments (id,class_id,name,type) VALUES (1439,96,'assignment_1439',2);
INSERT INTO assignments (id,class_id,name,type) VALUES (1440,96,'assignment_1440',2);
INSERT INTO assignments (id,class_id,name,type) VALUES (1441,97,'assignment_1441',1);
INSERT INTO assignments (id,class_id,name,type) VALUES (1442,97,'assignment_1442',1);
INSERT INTO assignments (id,class_id,name,type) VALUES (1443,97,'assignment_1443',1);
INSERT INTO assignments (id,class_id,name,type) VALUES (1444,97,'assignment_1444',1);
INSERT INTO assignments (id,class_id,name,type) VALUES (1445,97,'assignment_1445',1);
INSERT INTO assignments (id,class_id,name,type) VALUES (1446,97,'assignment_1446',1);
INSERT INTO assignments (id,class_id,name,type) VALUES (1447,97,'assignment_1447',1);
INSERT INTO assignments (id,class_id,name,type) VALUES (1448,97,'assignment_1448',1);
INSERT INTO assignments (id,class_id,name,type) VALUES (1449,97,'assignment_1449',1);
INSERT INTO assignments (id,class_id,name,type) VALUES (1450,97,'assignment_1450',1);
INSERT INTO assignments (id,class_id,name,type) VALUES (1451,97,'assignment_1451',1);
INSERT INTO assignments (id,class_id,name,type) VALUES (1452,97,'assignment_1452',1);
INSERT INTO assignments (id,class_id,name,type) VALUES (1453,97,'assignment_1453',2);
INSERT INTO assignments (id,class_id,name,type) VALUES (1454,97,'assignment_1454',2);
INSERT INTO assignments (id,class_id,name,type) VALUES (1455,97,'assignment_1455',2);
INSERT INTO assignments (id,class_id,name,type) VALUES (1456,98,'assignment_1456',1);
INSERT INTO assignments (id,class_id,name,type) VALUES (1457,98,'assignment_1457',1);
INSERT INTO assignments (id,class_id,name,type) VALUES (1458,98,'assignment_1458',1);
INSERT INTO assignments (id,class_id,name,type) VALUES (1459,98,'assignment_1459',1);
INSERT INTO assignments (id,class_id,name,type) VALUES (1460,98,'assignment_1460',1);
INSERT INTO assignments (id,class_id,name,type) VALUES (1461,98,'assignment_1461',1);
INSERT INTO assignments (id,class_id,name,type) VALUES (1462,98,'assignment_1462',1);
INSERT INTO assignments (id,class_id,name,type) VALUES (1463,98,'assignment_1463',1);
INSERT INTO assignments (id,class_id,name,type) VALUES (1464,98,'assignment_1464',1);
INSERT INTO assignments (id,class_id,name,type) VALUES (1465,98,'assignment_1465',1);
INSERT INTO assignments (id,class_id,name,type) VALUES (1466,98,'assignment_1466',1);
INSERT INTO assignments (id,class_id,name,type) VALUES (1467,98,'assignment_1467',1);
INSERT INTO assignments (id,class_id,name,type) VALUES (1468,98,'assignment_1468',2);
INSERT INTO assignments (id,class_id,name,type) VALUES (1469,98,'assignment_1469',2);
INSERT INTO assignments (id,class_id,name,type) VALUES (1470,98,'assignment_1470',2);
INSERT INTO assignments (id,class_id,name,type) VALUES (1471,99,'assignment_1471',1);
INSERT INTO assignments (id,class_id,name,type) VALUES (1472,99,'assignment_1472',1);
INSERT INTO assignments (id,class_id,name,type) VALUES (1473,99,'assignment_1473',1);
INSERT INTO assignments (id,class_id,name,type) VALUES (1474,99,'assignment_1474',1);
INSERT INTO assignments (id,class_id,name,type) VALUES (1475,99,'assignment_1475',1);
INSERT INTO assignments (id,class_id,name,type) VALUES (1476,99,'assignment_1476',1);
INSERT INTO assignments (id,class_id,name,type) VALUES (1477,99,'assignment_1477',1);
INSERT INTO assignments (id,class_id,name,type) VALUES (1478,99,'assignment_1478',1);
INSERT INTO assignments (id,class_id,name,type) VALUES (1479,99,'assignment_1479',1);
INSERT INTO assignments (id,class_id,name,type) VALUES (1480,99,'assignment_1480',1);
INSERT INTO assignments (id,class_id,name,type) VALUES (1481,99,'assignment_1481',1);
INSERT INTO assignments (id,class_id,name,type) VALUES (1482,99,'assignment_1482',1);
INSERT INTO assignments (id,class_id,name,type) VALUES (1483,99,'assignment_1483',2);
INSERT INTO assignments (id,class_id,name,type) VALUES (1484,99,'assignment_1484',2);
INSERT INTO assignments (id,class_id,name,type) VALUES (1485,99,'assignment_1485',2);
